14.192,3.964,-7.956
11.89,27.183,-0.079
11.218,7.953,-1.832
33.53,12.774000000000001,15.775
33.227500000000006,-6.9045000000000005,1.5939999999999999
39.4315,17.634,10.9125
17.9265,30.1065,3.569
26.995,30.134500000000003,-3.6799999999999997
34.137,9.119,16.004
22.6015,8.596,14.749500000000001
17.089,4.3995,-0.6875
36.6145,-4.279,-2.7024999999999997
30.4895,10.9125,1.6625
10.922,7.564,-3.4245
24.164,19.2225,-5.8115
34.2555,2.726,2.9370000000000003
19.092,-1.447,4.288
16.7305,31.126,2.324
19.2225,11.089500000000001,5.406000000000001
12.4875,7.452500000000001,-2.0935
22.167,17.473,10.5975
29.5835,25.4,8.2765
19.4675,14.5245,-15.811
34.888999999999996,2.5324999999999998,-2.0700000000000003
23.66,5.263,-8.231
25.5255,11.0075,-8.337
24.476,8.654,4.497999999999999
32.674,15.6105,3.5549999999999997
24.3005,1.4655,10.875499999999999
9.354,15.652000000000001,-4.245
18.637500000000003,21.1045,9.747
4.916,17.6345,-8.7935
12.974,13.5965,-6.4094999999999995
13.306,23.5265,-5.2135
18.091,5.662000000000001,2.7005
24.933500000000002,30.424,7.215999999999999
32.2655,10.96,-2.426
36.747,6.1505,7.1835
22.8485,12.1125,15.125
17.808,-5.088,5.53
15.7,12.262,-13.7835
20.323500000000003,-1.7735,0.734
28.8925,13.7255,20.273
27.681,12.2985,12.373999999999999
39.11150000000001,5.5155,7.096500000000001
22.1735,10.1535,16.6245
25.696,15.076,-5.032
35.6695,-1.169,6.5925
11.598,24.809,-4.087
27.758,2.9275,8.854
7.15,12.612,-11.554
9.74,7.4985,-3.12
24.899,15.2695,19.8115
32.4925,16.1665,6.4635
13.122,18.295,-9.862
29.483249999999998,4.0375,7.77775
24.7725,14.331,8.942250000000001
12.1935,18.04875,-11.569749999999999
32.266,14.283000000000001,12.911
33.617000000000004,3.9080000000000004,12.721375
14.751625,20.329125,-1.8411250000000001
32.937250000000006,2.5475000000000003,0.15825
30.717999999999996,-0.21325,11.254750000000001
28.6365,2.266,14.27575
9.743,23.13825,-9.451749999999999
34.6105,11.653749999999999,5.71725
27.42625,7.45,7.893000000000001
26.7725,32.4155,-9.5645
19.801,2.775,-9.249
20.9665,6.891500000000001,8.934999999999999
37.8685,17.616,12.39
12.230250000000002,8.379000000000001,-10.81175
21.945999999999998,21.26775,-3.64725
31.76325,12.254999999999999,18.3885
27.53175,14.493500000000001,15.44925
19.831,11.981,6.764
25.136,19.993,0.467
29.41075,-2.148,-7.211625
24.5665,1.3820000000000001,6.559
11.976375,17.48025,-12.407250000000001
30.8735,-3.0421249999999995,10.92175
33.2875,-5.833,2.5782499999999997
26.501,32.11325,-8.568249999999999
25.548000000000002,-4.5625,4.247
23.2015,3.90825,-8.0785
25.24975,8.1645,15.601
38.8215,-7.517,-1.55475
29.6855,11.7285,19.490000000000002
16.35475,16.475,-1.8505000000000003
7.64825,13.47875,-11.2395
29.605249999999998,22.7455,12.288125
13.09275,6.691000000000001,-9.47225
31.667749999999998,11.84975,-2.245
22.44675,-2.8890000000000002,0.14725
35.19325,4.31875,11.7135
35.7315,16.2685,7.8915
15.44925,17.402,-7.883249999999999
25.728499999999997,0.736,-7.15925
31.06925,-9.323,-0.26925
27.3395,4.91,-7.4265
37.913,-8.1475,2.8114999999999997
24.669,13.683499999999999,-9.4785
16.1145,11.690999999999999,-4.922000000000001
8.585,15.721,-11.5945
32.5275,25.417250000000003,9.913
28.978,0.363,11.397
14.01575,14.053,-6.1155
21.089,10.994250000000001,7.281499999999999
30.70975,6.80575,0.348
40.1145,-3.8760000000000003,0.4685
14.972,3.892,-5.176
26.236875,9.6885,5.954
16.75,13.006499999999999,0.1465
9.535625,10.681750000000001,-13.161125
26.38775,25.632,11.877
33.805,9.8885,18.0825
14.36475,10.182,2.5869999999999997
33.162749999999996,12.657499999999999,2.22125
21.405,3.7135,-11.3275
28.62,4.607,14.86
18.087249999999997,15.355,-0.77175
25.728749999999998,27.68925,3.8425000000000002
17.48625,19.91525,-7.7642500000000005
34.7355,-3.761,8.68075
33.6375,14.092500000000001,4.158
26.4195,30.741,-3.01
34.596000000000004,-5.83675,7.246
20.029,12.376000000000001,3.6639999999999997
40.085750000000004,-1.75475,2.2595
19.328375,12.167000000000002,4.8782499999999995
19.12525,12.965,2.14475
39.769,-5.229,-1.646
35.2365,7.447,16.009500000000003
24.7845,26.81275,11.15725
30.360500000000002,16.20525,18.0465
30.884,11.331,-1.317
26.247,7.11725,13.285250000000001
16.3345,22.5915,8.93275
19.21525,13.061,-10.801499999999999
38.044375,-9.39125,5.555375
26.483,26.731250000000003,6.9505
24.7655,23.164250000000003,11.439
23.58325,14.35575,-10.14325
28.284999999999997,26.317999999999998,-2.223
23.3935,12.85125,13.137500000000001
23.28475,0.9850000000000001,-5.33475
40.3635,5.89025,10.3155
38.1465,10.655,7.074
4.8942499999999995,15.341000000000001,-10.26975
32.7235,4.7780000000000005,-1.09575
13.169,20.042,-9.188
27.19875,16.679000000000002,-3.35375
20.909,-4.547499999999999,3.7800000000000002
18.804,4.795,-11.418
32.1455,10.593499999999999,3.331
35.469500000000004,2.6095,11.0505
35.12050000000001,-5.9215,2.3427499999999997
31.003999999999998,-7.2005,3.60575
34.826750000000004,-0.6012500000000001,-0.4105
18.084,21.594250000000002,-8.499500000000001
36.0865,9.564499999999999,13.48275
29.8655,1.93025,16.42475
32.342749999999995,5.88575,18.59275
27.122500000000002,16.522,11.459499999999998
23.631,-0.09474999999999999,-7.23625
29.663,12.813500000000001,0.59525
15.645,18.049999999999997,-0.9055
24.90275,0.903875,11.487874999999999
24.034750000000003,32.11975,-4.4445
26.94225,4.801,11.439250000000001
18.1695,23.4,11.887
21.798000000000002,23.3245,-7.034000000000001
34.835499999999996,8.139125,5.451125
36.31825,9.11675,9.8795
18.361,-0.891,7.9277500000000005
13.7015,29.31175,6.24325
31.595,2.66175,-5.352250000000001
16.497,17.741750000000003,-7.666250000000001
17.375500000000002,14.442,5.824
20.414499999999997,9.784500000000001,7.1175
15.0975,7.232,3.6029999999999998
25.216,29.459,7.7985
21.2215,31.7565,-5.929500000000001
27.597499999999997,-5.45725,-3.6785
28.717,6.7844999999999995,5.7915
25.54,13.351,-7.365
23.185875,15.391,-10.044625
21.499,31.6145,8.673
30.957,16.9615,5.205375
34.134,9.994,3.488
39.24,4.1105,8.8125
26.99,-5.09975,6.2357499999999995
35.132,14.9305,15.2735
39.209,-3.454,5.595
26.94025,26.7015,8.020499999999998
27.892249999999997,29.0255,-3.4422499999999996
23.886499999999998,-5.538,5.2235
8.654,13.758499999999998,-10.546
33.9915,1.7095,3.0935
13.505,17.88925,-3.88225
22.287,30.87675,-7.42975
31.999,5.694,-4.7165
23.448,18.486,-6.272
32.3415,14.8825,19.518250000000002
18.102,30.36575,0.21400000000000002
21.966749999999998,0.17875000000000002,13.4695
19.1325,9.647,-9.1305
26.105,12.4495,-7.0215
9.408999999999999,12.491,-6.614000000000001
17.901,10.86175,-9.7545
33.602500000000006,0.8915,3.688
18.37925,31.283625,7.285125
17.8525,3.1552499999999997,-7.38125
25.581,-5.8919999999999995,0.72875
15.5745,15.715,-3.439
21.0665,1.6437499999999998,11.13125
20.9855,11.5265,-9.04825
19.3295,-0.7889999999999999,3.409
22.664749999999998,3.84675,-5.29125
17.75475,27.30425,-3.7880000000000003
22.009249999999998,31.8945,-4.945625
29.674999999999997,-2.2675,-8.1775
33.383500000000005,0.45475,4.5745000000000005
11.036999999999999,8.112,-8.824
9.41225,26.019375000000004,4.393375
12.15725,19.545749999999998,10.6335
14.20525,7.17625,-11.30075
26.592,4.96925,12.591000000000001
33.1865,-0.011499999999999996,-4.572
8.626750000000001,23.982,3.675
4.72475,12.395999999999999,-10.855
26.12,22.985500000000002,-1.9625000000000001
20.341,-5.40775,3.6035
25.225,14.068,17.377499999999998
23.5195,1.05225,13.6805
22.8685,6.7375,-10.26475
23.07625,3.0162500000000003,7.40325
33.022999999999996,12.36625,16.897
19.05775,26.258000000000003,8.25
21.5605,2.2662500000000003,-9.943999999999999
39.521,-8.122499999999999,-0.935
15.217875,3.469,-7.4775
22.4605,20.68925,0.29474999999999996
19.36475,7.10125,8.90625
38.664,-8.427,3.518
30.786,-5.2585,10.680499999999999
27.77075,2.173625,10.047374999999999
18.728,-0.049,8.644
38.5415,-3.4124999999999996,-1.2015
17.02125,11.2085,1.692
15.7685,18.75825,-3.20975
28.8625,1.2945,15.1295
22.6645,6.91875,8.89175
13.002749999999999,16.911499999999997,-3.47225
21.593000000000004,12.31275,13.915
31.659,-4.952500000000001,11.312000000000001
23.714,28.890500000000003,11.143
19.653,-7.8565000000000005,5.052
30.042,10.0795,-5.855
32.513999999999996,-10.849499999999999,-0.97
31.757,28.1295,11.433
6.564,18.50675,-8.52375
8.472999999999999,7.6594999999999995,-6.71
13.475000000000001,31.619,4.235
34.48525,-7.853249999999999,-2.9232500000000003
25.325,0.488,8.0545
24.44825,10.250499999999999,-8.41
21.10325,2.85675,-10.8525
33.1105,24.877250000000004,10.82125
16.608,9.025,-10.22
33.73975,6.949249999999999,6.3035
13.471,10.716999999999999,-4.095000000000001
16.25475,17.242250000000002,-1.07875
40.964,-4.1129999999999995,1.3515000000000001
32.781,8.502500000000001,3.635
15.253499999999999,10.375,-12.0375
22.78,7.1175,6.8335
33.607749999999996,25.862250000000003,12.3675
21.24225,16.62025,9.66075
26.134500000000003,13.012500000000001,-6.08175
21.467999999999996,0.884,12.497250000000001
16.8405,29.8655,7.933
36.35925,13.217500000000001,6.7395
15.41275,-1.5815000000000001,-5.21575
25.9015,2.66725,-7.41775
9.86975,11.432749999999999,-13.75075
19.6935,26.039,9.3205
25.924,-0.35075,9.57725
28.999,1.524,11.770499999999998
15.543500000000002,10.913250000000001,-4.50975
5.061,17.083,-10.939
31.9675,9.9835,-2.76
40.65325,-5.38725,6.548
36.229749999999996,3.54225,8.85925
17.103499999999997,0.651,-3.036
18.006999999999998,26.26725,7.696
35.856249999999996,5.117125,12.0715
26.12075,31.72325,-5.77075
30.154249999999998,-4.4505,10.161249999999999
24.50175,32.577749999999995,3.44875
33.196,-9.222000000000001,-2.1654999999999998
16.0125,17.80275,-2.0917499999999998
25.218,-4.9510000000000005,8.159749999999999
24.741,-5.1259999999999994,-0.98275
7.5447500000000005,12.665,-7.437374999999999
27.19225,32.39925,-11.14675
27.95775,14.97175,20.066000000000003
5.504,11.6775,-11.2625
15.859,17.6465,-3.261
18.5185,23.494,12.8315
28.82675,4.763249999999999,9.211
15.1715,26.5465,7.5415
25.667,-1.536,-6.122
23.5255,-5.388,0.8612500000000001
24.67325,-1.09825,-7.31925
23.094,31.40925,-2.7675
35.342,8.9345,11.64075
42.20325,-1.916,2.1077500000000002
29.4775,-6.772,3.444
37.338499999999996,1.161,9.768
30.903,18.394,13.301
26.985500000000002,7.15325,16.76275
23.663,26.1515,-7.752000000000001
9.4915,23.188000000000002,5.272
22.51075,23.264249999999997,12.8245
18.791,30.374000000000002,4.647
20.846,6.20925,-11.21725
37.976,20.37425,10.1015
39.52674999999999,-5.8309999999999995,8.78875
23.372999999999998,24.9075,-7.6419999999999995
12.80025,17.35125,5.8535
21.7515,27.055,-2.359
13.141749999999998,6.628,-2.4705000000000004
20.868000000000002,13.39075,-13.8675
10.35875,21.49825,-10.788250000000001
19.126,9.394,5.605
17.50325,0.92475,-6.74725
10.85125,24.9855,-9.349
21.908,4.6652499999999995,-11.2445
40.1485,-2.8335,5.6135
28.094,5.6925,9.383
29.154,32.56275,-9.052499999999998
35.2845,10.9235,10.777750000000001
35.8615,18.9685,8.55725
25.831249999999997,20.793,2.066
17.95375,5.13325,7.640000000000001
24.97825,18.350749999999998,19.707
32.54375,3.44625,0.9814999999999999
15.31875,24.46425,-7.585
7.139,17.249000000000002,-6.9335
22.642000000000003,26.445,-7.7204999999999995
9.88025,13.59075,-10.9465
27.82275,30.32675,-11.131
36.49925,-0.9005000000000001,10.6155
13.027000000000001,7.225,-4.5915
19.5015,25.36075,11.52225
31.89975,27.41325,12.30925
10.5215,14.496500000000001,-11.926
13.187999999999999,14.99775,-14.789750000000002
19.566,15.48875,-16.250749999999996
41.0385,-6.779,6.979
37.57125,5.57225,7.2045
9.6995,22.588,6.136
33.866749999999996,1.43075,4.53625
37.32525,10.50675,8.181750000000001
36.867000000000004,-0.4795,7.7835
17.492,16.854,-14.064250000000001
40.31275,-8.66625,7.50675
35.881,8.55325,10.776
25.92175,24.574749999999998,1.0205
6.909750000000001,18.205,-11.844750000000001
18.272,-6.6674999999999995,3.9337500000000003
28.7375,6.35475,6.70725
16.2065,15.628,6.3345
15.512,10.431000000000001,1.6025
35.456999999999994,-6.725,7.41425
42.2195,-3.06325,3.41425
15.9295,0.5465,-5.2935
28.2635,-3.317,-5.3045
30.8335,1.20325,-5.6055
14.26625,6.333,-10.753
32.04675,24.921750000000003,9.1685
27.658,19.56925,-0.63375
32.46475,3.3885,-0.12225000000000001
12.281500000000001,11.921,-2.55775
32.1635,1.8519999999999999,13.897
16.4335,20.37625,-7.94875
27.334249999999997,8.007750000000001,4.883749999999999
13.9285,18.98275,-4.271
21.101,31.103,1.2767499999999998
16.695,4.47375,-3.2475
34.694,3.4105,-2.7455
39.0155,5.64175,11.434999999999999
10.9385,7.0685,-6.8855
13.1715,25.0345,-9.41525
33.891,15.218499999999999,6.474
17.753,13.7295,6.58075
30.55025,16.035,0.44825
9.918000000000001,21.82875,5.482
19.0775,-0.9415,-6.9879999999999995
26.8725,18.784750000000003,20.5235
33.74925,24.76325,12.293
20.3065,17.341,9.55
33.01825,-8.6985,1.3615
17.2185,4.9915,-8.77775
29.264,-3.966,7.26975
7.98,13.3795,-6.871
21.323999999999998,30.963,-6.9505
37.7865,10.70675,6.02725
12.4545,7.44,-8.233
35.116,12.822000000000001,17.53425
35.559749999999994,-4.342499999999999,-3.1445
24.566000000000003,0.845,7.4115
36.20825,14.28,7.9357500000000005
33.769499999999994,-5.018,7.359500000000001
28.915499999999998,25.5995,-1.57225
30.802,0.358,14.189
39.643,-8.088249999999999,8.028749999999999
17.8405,-1.494,5.9935
28.640249999999998,30.5625,-10.16075
41.018,-5.8205,-0.20299999999999999
33.286,16.1205,17.838500000000003
23.0305,-4.603,4.49
23.1735,27.2805,-8.18
21.171750000000003,-2.7962499999999997,0.71875
26.59425,-3.135,8.187999999999999
34.3,2.433,-3.559
12.029,25.857,-2.26825
14.438500000000001,13.01125,-13.9265
30.553,9.37125,0.44575000000000004
25.457749999999997,18.377,18.36425
42.408,-1.971,3.0949999999999998
19.279249999999998,16.453,-15.86175
30.988,12.15025,-3.03575
27.060499999999998,24.059,11.799
17.51325,27.972250000000003,8.292750000000002
17.156,17.2815,4.439500000000001
25.247,14.3575,-7.1775
11.124,20.74525,6.4745
42.209,-2.95,1.9295
34.7995,-6.5605,-3.22
29.676499999999997,17.283250000000002,16.57
35.915,7.9355,15.394
22.960749999999997,13.678,9.353
39.619749999999996,-1.71225,3.71475
25.866500000000002,26.28,11.27025
24.98675,7.685499999999999,13.144
26.44925,22.80775,6.975
19.00225,7.641,7.9105
13.629249999999999,10.379750000000001,-13.8965
21.37775,-2.0309999999999997,10.68275
32.004999999999995,18.598,12.721
12.61825,17.40925,8.033000000000001
23.64675,32.38575,5.49125
19.082,12.0115,5.929500000000001
32.8035,-2.4924999999999997,-5.5695
34.6995,8.376999999999999,16.44475
25.5715,12.029250000000001,-8.2165
21.8845,13.182749999999999,-12.09775
29.26225,-6.9145,0.80925
15.7385,28.56925,6.91075
31.0215,27.88975,10.779250000000001
36.887249999999995,16.39425,8.3645
34.837500000000006,-7.359,6.776
16.33025,4.3385,-4.461499999999999
28.735750000000003,19.214,-0.6145
33.364999999999995,18.266,12.57375
23.92675,20.01225,-4.1785
37.294250000000005,14.3695,10.76875
34.7835,-2.28725,10.12575
18.305,2.1075,8.728000000000002
12.816,6.8420000000000005,-0.5289999999999999
25.7875,7.348,16.101
21.4755,10.158999999999999,15.7155
39.1045,17.38575,11.86525
33.62525,16.3815,6.56
8.7575,10.5335,-8.8845
11.315999999999999,25.75175,6.481249999999999
22.836750000000002,28.275,-7.7482500000000005
27.045,19.144,19.12075
32.89675,26.864,12.0915
31.110999999999997,1.2469999999999999,16.07475
17.174,7.3365,-10.0805
15.713750000000001,9.46175,3.3975
23.84,19.846,11.579999999999998
34.6875,1.30675,-1.7345
41.55975,-5.89275,3.7995
31.728,10.568,-1.671
18.587,28.649749999999997,9.3765
37.929,15.132,11.252500000000001
24.731,28.94925,-0.61825
34.15925,11.568999999999999,13.315750000000001
36.65475,16.174999999999997,16.50075
19.887,-0.66,10.1355
15.2515,6.554,-10.5925
36.2225,10.0155,4.684
21.324,-2.768,-5.535
33.263,6.4425,17.141750000000002
17.31425,18.150750000000002,-12.454
28.53225,32.877250000000004,-8.186
37.173,13.3675,9.40725
24.0715,18.454250000000002,11.45075
24.9095,19.519,-3.634
11.172,21.238,-2.1765
22.041,-3.6895,0.971
40.657,-6.327500000000001,6.12225
27.5925,-1.31075,-4.56025
31.41575,-10.259500000000001,-0.7124999999999999
40.0105,6.984249999999999,10.03425
19.8335,11.7285,2.599
32.4805,9.10425,20.13825
41.063,-7.88875,5.84925
19.951999999999998,-0.561,11.289000000000001
17.7105,15.489,8.30475
7.54975,18.372999999999998,-6.74375
24.415,31.922,-5.41175
33.8655,6.8295,15.695
9.849499999999999,18.9225,-6.338
20.38725,14.029250000000001,-15.05525
27.026,24.888,-2.672
20.165,-0.449,2.165
36.054,19.5815,9.92625
30.517,12.5385,18.78225
29.462,5.79625,7.13475
18.966250000000002,-1.782,8.26125
22.05325,3.42075,-10.5795
34.75675,1.67275,-2.77225
24.49,-1.00325,11.7395
12.190000000000001,17.041,6.6605
36.947500000000005,10.63975,5.028499999999999
39.78625,5.1165,7.95575
13.4825,26.8645,6.5255
32.37125,18.86625,8.754
18.102,13.161249999999999,-11.06075
7.0805,13.55,-7.500500000000001
29.68025,1.023,15.7035
22.2165,27.2425,-1.0985
19.608,17.267,-14.60375
10.7965,26.80025,6.14025
25.8105,10.90025,20.09925
21.1555,10.711500000000001,14.231499999999999
30.0625,7.2895,-0.3455
27.3125,11.6995,13.51225
24.235500000000002,8.501,12.605
15.9655,-0.6415,-4.9857499999999995
29.7705,16.5815,19.01925
19.929,7.936,8.2
28.93375,18.058750000000003,17.447000000000003
24.8065,-0.0685,-7.6385000000000005
21.2235,31.49575,2.47875
22.878,17.32,11.342
23.113500000000002,19.5455,-6.0895
13.951250000000002,11.329999999999998,-3.0069999999999997
25.055,18.615250000000003,-1.72725
23.694499999999998,11.9815,11.99675
11.159125,20.913625000000003,7.827875000000001
28.98675,-5.109,4.49175
39.72075,-8.3975,2.7672499999999998
19.225,7.217,6.846
15.123999999999999,19.5815,-2.4145000000000003
20.0985,12.377125,-9.8955
31.77075,3.92875,-4.849
19.81,3.268,9.872
17.758625000000002,14.3705,7.73975
8.715625000000001,10.527999999999999,-6.678875
38.855999999999995,-4.3245000000000005,7.5915
35.3665,11.140625,5.2885
9.6635,9.04825,-10.5945
17.19425,21.1405,-8.4375
18.193,13.249749999999999,1.756
26.106749999999998,28.035249999999998,-7.911375
26.5865,28.581,-9.388125
27.257125000000002,9.152875,5.6514999999999995
36.802625,15.73625,9.149999999999999
25.68275,6.468249999999999,-6.00625
23.434874999999998,11.68525,-9.828875
34.962,-2.175,3.253
15.48025,17.3795,2.324
9.42775,11.653500000000001,-12.784374999999999
35.42700000000001,1.66175,8.01825
13.41175,17.174,-13.28875
24.242,14.568249999999999,-9.048
29.165875,13.898499999999999,-2.332125
34.201750000000004,-1.700875,-1.6241249999999998
24.586375,-4.963875,4.344250000000001
22.5455,16.1995,10.321000000000002
14.738,25.94875,-1.98625
29.5885,-4.513999999999999,8.231000000000002
22.715,30.5415,9.1005
31.79475,-2.604,10.84425
28.448999999999998,-2.55975,9.139125
21.77225,1.0852499999999998,-5.9556249999999995
25.80925,22.007625,11.008624999999999
24.537,19.1615,0.23550000000000001
32.9505,6.4005,16.1475
24.14675,28.291,-8.104625
11.38775,23.963,-4.6375
28.910249999999998,3.702375,-6.4785
15.52975,9.17625,-10.66175
29.299625,9.715875,19.892875
17.898375,3.2604999999999995,-0.9091250000000001
12.433,8.963750000000001,-0.26249999999999996
16.044,15.27275,-2.658125
37.649249999999995,-4.28875,7.4552499999999995
12.71075,14.9575,-4.539625
19.852,24.266624999999998,12.7515
13.82675,24.72325,-4.296
17.061999999999998,5.2357499999999995,2.83275
20.84825,23.02775,-6.5794999999999995
11.909375,19.131,-11.069749999999999
13.11675,18.12975,4.945375
14.535,10.76425,-3.9625
16.231875000000002,5.540875,-2.6332500000000003
24.621625,18.977625,-2.5782499999999997
24.6725,-1.94825,-6.59125
32.818625,13.3915,13.253375
34.09,-1.2530000000000001,5.1690000000000005
32.481875,-6.26975,3.06875
30.742,19.868,8.762
27.349625000000003,23.852,7.399000000000001
36.403999999999996,17.683,8.1935
36.336125,-8.864,5.800875
20.627,21.20975,12.1465
36.1595,10.106,9.756499999999999
31.392999999999997,14.975125,18.840875
34.926500000000004,15.950624999999999,15.63125
27.566249999999997,32.94375,-8.50175
21.635625,12.926125,-10.8875
25.1123125,28.467437500000003,9.554875
14.312750000000001,18.23225,7.2935
38.566,-8.474125,-0.796375
21.862000000000002,-5.0265,4.687875
32.314750000000004,-6.6284375,-3.7525
34.23575,-5.745125,3.025375
29.544,0.594,14.30275
15.205,13.358,-5.71
30.24525,17.619999999999997,1.5277500000000002
7.86575,16.526375,-6.8408750000000005
24.90225,30.944,-1.81575
23.725,2.690375,5.750500000000001
20.3975,7.919,5.17
31.12775,21.0415,9.26175
19.012375,-0.7815000000000001,5.035
20.596,2.83825,-7.224
11.1445,13.7765,-4.929
34.039874999999995,-0.95975,1.8628749999999998
29.808124999999997,-5.3615,5.029249999999999
28.298000000000002,13.563,14.814499999999999
21.974,-0.7958749999999999,12.476125
20.47625,0.82275,11.3945
36.165499999999994,15.326,8.1445
28.76625,-0.19674999999999998,10.1395
38.525875,-8.546750000000001,4.788625
30.4059375,11.968062499999998,-1.9338125
24.91525,-5.468249999999999,-0.016999999999999994
12.16375,12.948875000000001,-5.802875
36.692750000000004,12.116,6.6745
18.688875,1.06225,6.2425
26.1535,31.372,-7.5915
23.36575,16.38775,11.0215
25.80375,23.005875000000003,2.9695
24.18025,25.356125000000002,-6.717499999999999
11.722999999999999,27.796499999999998,0.7825
21.57025,31.064375,-4.317875
26.95275,24.17125,0.011499999999999996
11.245000000000001,24.3765,-10.45775
25.723,4.5515,-7.361
40.057,-8.3335,5.204000000000001
12.69075,20.634999999999998,-4.131625
9.902625,15.467875,-11.873249999999999
5.451499999999999,12.9145,-8.683
13.375250000000001,13.847999999999999,-14.229625
16.158625,10.940249999999999,1.012375
12.3945,11.253250000000001,-3.633
9.72675,11.568249999999999,-6.357125
10.4195,23.043,6.875
25.359,7.991625,4.697125
21.06525,27.060499999999998,-0.264125
20.591125,26.318375,-0.880625
23.705000000000002,23.66825,-2.6975
24.819499999999998,27.811,10.76875
10.285125,24.067875,-9.91925
21.058125,27.658125,-5.455875000000001
7.819,19.422,-7.109999999999999
27.9145,-2.2596249999999998,-5.490500000000001
20.206249999999997,21.065875,-5.29275
30.267500000000002,-6.308999999999999,4.7675
22.495375,21.92375,-4.305375
11.748375,22.025875000000003,-1.02225
28.642,-1.507,9.785
13.035,24.783875000000002,9.133625
13.43525,12.058375,-2.41575
15.43575,16.561124999999997,5.58225
13.3005,21.445999999999998,-0.6075
14.36525,19.9725,1.2
31.853749999999998,26.018375,9.152249999999999
37.447500000000005,20.165,10.94125
19.653,-7.5995,6.1775
33.254999999999995,3.0995,-0.6675
15.308250000000001,22.253,9.127375
36.33925,17.308999999999997,12.377500000000001
13.346250000000001,6.40975,-8.526
32.718,10.786249999999999,15.05575
14.060625,15.964749999999999,-14.366
13.047875000000001,18.967875,-8.84375
20.308999999999997,9.6125,-8.418
9.698,22.108,-9.3795
29.304499999999997,20.723,8.3005
26.764000000000003,0.3335,8.998000000000001
26.264125,27.85725,2.525125
17.42975,11.85425,-10.3675
30.152,-7.12225,4.17925
40.6145,-5.49925,5.346
27.262875,7.062125,8.88675
26.533250000000002,27.441,-0.619
26.805125,26.53,0.585625
7.548,19.326375,-8.761125
37.128125,8.340375000000002,10.302375
13.454875,20.286875,1.542875
31.458,0.6275,14.921
27.035249999999998,21.9655,6.861750000000001
25.99125,9.149875,4.911
36.341,14.112,18.5955
27.759500000000003,14.094000000000001,11.736249999999998
15.568125,20.075499999999998,-7.423499999999999
37.402,9.4865,5.6265
24.630000000000003,28.37225,0.502875
37.5715,-8.6145,3.9261250000000003
25.55075,11.392624999999999,-7.327249999999999
26.721125,3.432875,4.765000000000001
33.167874999999995,5.7536249999999995,-4.541625
30.702,20.328,12.512
20.40475,14.918000000000001,8.19325
18.583750000000002,17.5175,-14.1805
31.294125,4.581,-4.2015
15.442,-1.9495,-4.13425
22.382625,20.283499999999997,-1.8147499999999999
33.510125,6.797625,5.2295
25.438625,27.55675,-7.188625
26.403,19.978875,0.059749999999999984
13.877500000000001,21.200000000000003,-9.375
27.55425,4.433,10.415500000000002
35.97624999999999,-6.869125,-0.32175
15.630875,18.718625,-1.9165
16.708,19.5155,-7.27975
18.7055,7.6395,-10.0285
18.86975,16.230875,2.5455
27.22475,26.25175,-2.72375
15.63725,30.14,5.52625
15.379000000000001,10.037749999999999,2.521
23.625500000000002,7.2925,-7.2844999999999995
26.433625,6.962375,4.617875
35.206999999999994,10.50375,13.472875
37.78075,9.628375,7.00575
17.458374999999997,16.27,-0.821875
39.105999999999995,6.489375000000001,7.824625
20.8520625,12.9786875,7.866312499999999
25.677625,28.254624999999997,4.87575
22.947375,-2.347,-1.6056249999999999
28.7980625,-5.999124999999999,3.066875
8.81025,15.973,-6.3945
22.313,17.774500000000003,-6.484
33.494125,6.889875,3.838125
15.207375,16.916125,-10.141625000000001
35.387750000000004,9.670124999999999,10.510124999999999
27.423000000000002,6.4405,-2.9779999999999998
30.26675,-5.666625,-0.965375
20.7055,30.018,-6.1202499999999995
35.084937499999995,-7.299875,4.5789375
25.003625,16.343625000000003,20.265874999999998
25.911,32.14675,-10.657499999999999
36.283249999999995,11.125375,9.731125
40.331500000000005,-6.9982500000000005,7.939
28.26925,2.77075,5.78775
20.2565,6.821,-10.324875
25.796875,14.592625,8.740875
19.57625,13.19275,3.1289999999999996
25.275875,-4.82375,3.308875
23.06575,3.813625,6.718500000000001
20.442625,-0.4955,0.37525
23.395500000000002,6.34175,7.0600000000000005
30.298125,10.256125,19.649250000000002
19.717125000000003,-2.4863750000000002,-3.9545000000000003
30.99275,10.193625,2.3125
20.497374999999998,30.030375,9.554499999999999
25.9205,25.6995,6.112
28.222,19.362875000000003,2.7005
22.54,2.4926250000000003,9.662749999999999
18.526125,27.211750000000002,-4.6305000000000005
25.443375,11.365874999999999,17.28125
21.519750000000002,28.56975,-6.08325
25.906,23.811,-2.513
28.157125,18.06225,16.556874999999998
12.37775,21.532625000000003,10.3855
15.187000000000001,8.71975,4.34925
26.116875,23.860875,6.6375
12.968499999999999,21.246,0.9192499999999999
26.198,1.669375,-7.208
13.72825,5.807625,-9.285125
36.039249999999996,-1.8807500000000001,8.97425
23.038,-4.069,0.7755
19.427999999999997,15.827,9.042000000000002
27.7155,19.197375,4.010375
31.262375,24.138749999999998,8.90375
24.682625,12.1035,12.652375
14.368,26.003,7.231
9.141124999999999,25.397375,3.6208750000000003
30.425625,14.955625000000001,1.20525
32.652,3.00875,-5.343249999999999
15.841000000000001,23.559125,9.003625
24.318,21.5735,11.0695
19.512999999999998,13.622125,-11.636375000000001
27.759999999999998,15.17425,12.04025
18.674999999999997,14.595749999999999,4.721
15.842,3.29975,-5.18975
14.623249999999999,17.12325,-11.351750000000001
15.620625,11.684375000000001,-3.546875
13.42775,23.874,-6.3415
11.935125000000001,28.338625,4.1865000000000006
20.461750000000002,-2.42575,-5.1145
10.355,21.7025,6.592
30.152375,26.405875,9.03175
15.23425,26.55975,-1.188625
20.92025,-1.8537499999999998,-6.217499999999999
26.331,15.98175,9.449375
33.055625,-2.472,-3.6665
18.25425,3.208625,5.474
19.421875,31.250125,6.8075
30.201625,13.908624999999999,19.02925
29.689999999999998,-4.641,-6.196
27.843312499999996,29.2125625,-9.9033125
8.9355,9.49,-12.153625
28.738124999999997,17.1615,19.9855
25.476625,10.907499999999999,10.786750000000001
15.4315,19.701,-1.3901249999999998
23.254,-4.5920000000000005,2.2165
38.644000000000005,-5.497999999999999,-2.33125
36.7695,0.62775,8.24925
27.92775,5.471500000000001,14.5785
39.691250000000004,18.83025,11.796375000000001
21.60275,11.502749999999999,8.01275
22.43125,28.533749999999998,10.6465
9.3675,23.77325,2.938
10.175125,26.5715,4.863375
17.135125,15.435625,5.58225
23.463499999999996,10.222750000000001,-8.835875
11.108250000000002,22.355625,-4.464875
32.552,26.5875,10.042
11.318,21.174,5.334125
8.851500000000001,24.756625,4.677625
27.1025,17.859125,-1.0078749999999999
14.451,15.03125,-14.443999999999999
23.841749999999998,8.354750000000001,-6.355124999999999
18.66,22.542749999999998,12.1355
18.228375,23.742625,-8.217875
33.9015,-6.164,1.716875
22.9805,22.227,11.598500000000001
29.423375,-5.231625,-2.0919999999999996
20.85025,30.991,-5.34975
37.295,-2.599875,2.569125
14.303249999999998,17.588375,2.1731249999999998
11.605125000000001,18.305,6.11375
34.135999999999996,-1.393875,3.237375
21.192,30.663249999999998,3.3289999999999997
29.060375,7.113625,17.285249999999998
23.726,18.469749999999998,0.040499999999999994
21.195,14.939,9.555
24.107375,-2.07125,8.59825
28.215125,1.133,-6.277125
18.730874999999997,-6.406125,6.355
12.810749999999999,28.772750000000002,6.297
26.345000000000002,-5.937,-0.03312499999999996
27.648375,-4.248625,4.797375
28.939,18.497500000000002,4.819
18.36275,21.705750000000002,-6.559
10.597249999999999,15.909749999999999,-13.08975
29.548875,16.918125,17.496375
29.58625,18.3955,13.98275
10.4995,24.384500000000003,-3.95375
32.968500000000006,-0.65675,-5.517250000000001
12.792750000000002,8.5775,2.5330000000000004
21.282125,7.924125,-8.762875
30.80625,18.6655,0.996
23.9725,17.325125,11.554375
37.421875,-2.53425,4.060625
18.097250000000003,1.762375,-7.2056249999999995
12.3695,6.8735,-7.39975
35.373125,-5.191750000000001,7.1739999999999995
4.842499999999999,12.6695,-9.8645
11.908249999999999,9.1455,-12.389
31.0685625,-5.573062500000001,4.947125
15.013625,25.69075,-3.77475
14.770375,19.451375,-3.53225
25.239,30.845625,-10.333749999999998
17.883125,-0.35137500000000005,-6.8328750000000005
34.498000000000005,1.62,6.178375000000001
38.9675,-3.3034999999999997,-0.0635
29.183,14.121500000000001,-0.5435000000000001
8.527375,19.001125000000002,-6.21875
30.117624999999997,11.721249999999998,1.076625
18.74525,-5.117375,2.676625
18.231250000000003,16.894624999999998,-15.358375
23.193375,-0.9472499999999999,-7.851625
16.010125000000002,13.219375,-13.44525
14.64775,11.889499999999998,-2.421
8.673874999999999,9.378,-5.095625
18.348375,27.233,8.441374999999999
33.975,0.6455,-0.3855
16.16025,4.7255,-8.942
24.926375,4.022625,5.4091875
25.476999999999997,17.4825,-5.2330000000000005
29.020625000000003,2.846,-7.19725
19.592375,6.0515,6.336374999999999
18.516000000000002,18.32775,-9.1735
28.82725,3.63025,8.67875
29.34425,30.2185,-8.6965
11.637125000000001,21.424625,-10.69575
37.38,4.36975,10.154499999999999
33.031125,2.5445,1.19125
31.4715,16.02225,4.9805
15.964125,10.343875,-10.938624999999998
27.560875000000003,7.61125,18.060625
33.079,-0.60775,10.503
22.55175,13.903625,-12.594375
17.379687500000003,29.052625000000003,8.242687499999999
18.051875000000003,19.039625,-8.140875
28.25275,16.195749999999997,-2.05525
27.137625,5.969625000000001,-4.14525
13.598500000000001,20.325499999999998,9.80225
24.40775,8.696750000000002,15.6965
33.764375,-0.38012500000000005,0.6646249999999999
26.936500000000002,16.057,12.4455
17.802999999999997,13.889125,-11.793125
33.507749999999994,15.37375,19.544375000000002
38.144499999999994,-7.69825,8.28225
29.357,5.739,14.6905
26.697499999999998,21.7885,11.468
29.0105,1.83375,13.367249999999999
10.404875,8.338625,-2.7582500000000003
12.648249999999999,24.58775,-10.395624999999999
27.119,13.09,11.457999999999998
14.941,11.201,-5.8185
29.105249999999998,18.72175,6.814375
18.5255,14.69575,0.017749999999999988
19.863875,10.904125,6.760125
15.329625,30.580125000000002,4.50475
39.153125,-8.324875,0.575375
22.681625000000004,12.612874999999999,14.056
24.819000000000003,17.218,18.188499999999998
26.49625,6.5903125,15.6704375
27.114375000000003,28.009125,-8.448125
25.616500000000002,-4.7575,5.2285
27.12975,27.773625000000003,-1.405875
26.4285,27.038,9.123750000000001
11.1875,21.375,-5.22425
5.495,18.603250000000003,-8.9805
9.521875,26.453125,3.2880000000000003
14.670375,11.316125,-0.858375
24.59075,30.39525,8.43425
27.4868125,17.6769375,20.369125
16.546625,5.06125,0.315125
32.433875,1.7965,-5.16125
26.713,3.997,-7.979750000000001
23.070375,31.372500000000002,-7.028124999999999
35.40975,-0.11224999999999999,6.56025
18.827875000000002,4.766500000000001,6.2005
33.13525,24.26925,13.331499999999998
38.894875,19.728875,10.89575
37.21375,-9.722750000000001,6.123
16.910125,17.423125,-11.7765
34.034062500000005,2.6905625000000004,-1.2556875
16.663124999999997,14.722000000000001,-13.496625
13.712,25.24175,7.979875
33.116625,23.79925,11.66325
14.491125,31.400125,4.020625
17.969625,10.169,2.6165
13.4685,17.413874999999997,7.115
30.1115,9.038499999999999,-3.8845
22.0825,-4.2895,3.8775
26.645375,12.049999999999999,-5.822125
19.058625,6.540749999999999,-10.277875
34.161,7.54375,16.9105
13.70375,27.700125,0.45787500000000003
21.033,18.217,10.334999999999999
30.2245,6.2989999999999995,19.19475
14.63925,29.800375,6.151625
11.400125,25.0585,-8.20825
14.24475,10.725875,-4.9975000000000005
26.025750000000002,23.703,0.34762499999999996
39.611000000000004,5.0305,10.67975
22.36475,11.83025,-10.05025
38.53325,15.751125,11.797875000000001
28.3585,7.997,18.712625000000003
22.972,14.706,-10.8915
15.840625000000001,5.556625,-4.275
20.995,8.89675,6.64575
38.978750000000005,18.38325,12.439250000000001
13.708124999999999,14.620125,-5.2455625
32.605500000000006,14.16725,13.87275
13.53275,29.912875,1.6647500000000002
17.803,28.611,-1.136
19.839624999999998,8.526625000000001,7.1875
35.241125,9.277375,15.599625
36.233000000000004,9.429625000000001,14.60925
20.068,5.8855,9.57125
25.899124999999998,28.73525,3.090375
21.126,10.535,-8.402999999999999
5.9295,17.20325,-8.04725
14.32,21.3325,-0.854125
30.565,30.986,-6.525
16.011000000000003,3.774,-8.13275
36.58,13.669,8.659
23.154249999999998,2.880125,-4.569875
16.5255,6.052,-10.281500000000001
33.719125,14.262625,5.622999999999999
25.04525,22.235750000000003,2.52875
33.557500000000005,18.684125,8.429375
24.092,31.3215,-6.429
33.901375,-4.4325,8.890125
16.6115,13.1845,-12.169
27.634999999999998,8.667,-3.8315
24.41125,9.439250000000001,16.60875
7.931125000000001,14.6745,-10.986
16.653,26.08425,-6.2125
34.825,19.076500000000003,8.9345
33.9995,11.1585,14.345500000000001
18.08075,25.03125,7.99425
16.4515,17.288,0.183
33.771375000000006,12.5645,13.277750000000001
13.283249999999999,12.564875,-6.517625
9.01925,10.19,-9.8205
27.11625,12.08425,14.479624999999999
19.832,26.96125,-3.4885
23.2515,2.2592499999999998,6.7385
10.9305,22.366625,7.65575
31.438000000000002,6.477,19.087
36.812374999999996,8.546375000000001,6.971875000000001
29.218249999999998,12.169125,-4.627750000000001
10.887875000000001,21.3259375,-6.7935
14.359375,10.263125,1.0
17.8365,9.114,2.7015000000000002
18.12675,1.105375,8.3035
16.86325,26.528,-4.064
18.546374999999998,21.958624999999998,10.530000000000001
12.6855,24.10625,-4.27075
22.647999999999996,16.4805,-9.53575
25.39,16.2595,-5.580500000000001
18.54025,14.26825,-12.4175
18.76325,24.853250000000003,10.69825
28.885875,24.70925,7.726875
25.0625,15.27575,17.884999999999998
24.446,31.026,1.597
9.79125,16.490499999999997,-11.95625
26.909,6.1065000000000005,13.6
21.302500000000002,-3.3195,2.33375
23.2375,-4.317875000000001,3.518625
15.695250000000001,29.78,6.540749999999999
29.8335,-3.2199999999999998,-7.7
30.046375,19.2745,1.52375
38.97125,-8.6485,2.0622499999999997
23.72325,27.37925,11.1085
12.085375,6.199125,-6.335000000000001
19.117625,24.908375,9.167
21.694499999999998,32.675875000000005,3.535125
12.5325,14.11975,-5.4915
9.747250000000001,10.098749999999999,-8.721125
36.581,11.556,5.631
27.042,23.683500000000002,-1.82775
11.3795,9.946250000000001,-1.0105
11.91425,20.316375,5.777875
18.51375,22.750124999999997,-8.692625
23.158625,6.343375,-9.06
33.664,13.174875,4.581875
37.470375,8.452750000000002,9.144124999999999
15.68075,16.277749999999997,3.51325
29.569249999999997,12.8705,19.45325
10.277125,8.378,-9.837875
23.409875,15.432375,-8.792874999999999
37.634125,-0.451625,-0.32
17.134625,30.948999999999998,3.2635
11.885874999999999,11.63875,-4.859624999999999
22.471,18.628,10.643
19.4655,30.709,9.311125
25.804499999999997,7.11825,11.933499999999999
38.6105,-4.16375,6.4855
17.546374999999998,30.717374999999997,4.451125
14.728,21.5595,9.931000000000001
21.4165,24.09175,13.14525
34.576,14.741499999999998,19.0995
34.440124999999995,-1.257,0.8728750000000001
30.9155,23.321125000000002,9.45425
36.93125,-7.87425,2.9395
17.559250000000002,17.62075,3.373875
21.92075,6.254,9.52225
37.24725,-3.16975,5.555999999999999
21.407,26.6715,-1.5
17.319499999999998,3.0545,0.7515000000000001
30.615125,10.310749999999999,-0.8425
37.467999999999996,-7.64025,-0.1805
24.388125000000002,30.289875000000002,0.6541250000000001
41.6226875,-2.7728125,4.2048749999999995
12.056249999999999,7.797499999999999,-1.0979999999999999
18.393,3.5885,6.5649999999999995
19.177062499999998,0.02631249999999996,-7.55125
33.218625,12.1469375,3.2229375
26.78575,29.36525,-2.711
21.170375,-2.84825,8.707374999999999
28.883499999999998,28.2305,-5.412
29.7335,4.21825,15.36025
17.1635,3.395625,3.370375
33.766000000000005,13.04125,14.5135
18.64075,24.3005,12.20225
13.378499999999999,6.94475,-3.4742499999999996
25.167,11.640999999999998,11.580375
22.191625,-2.6273750000000002,-6.3458749999999995
31.068125,-1.771625,-9.084125
25.453249999999997,8.873249999999999,16.567500000000003
20.471249999999998,15.652999999999999,9.025749999999999
9.6745,9.093250000000001,-12.89575
19.6115,4.381,-12.142
27.6355,27.487375,-0.55775
17.42575,22.485625,9.216249999999999
24.723999999999997,18.350875,-5.805875
29.32225,17.610500000000002,-0.918875
21.97025,17.116500000000002,-8.6545
21.404,26.3215,-7.518750000000001
28.3655,24.521875,12.41325
38.8955,-1.9522499999999998,2.426
28.93975,2.143375,15.937000000000001
19.4645,13.214500000000001,4.624
35.214,15.888874999999999,19.13575
32.09075,-2.63675,-8.61075
23.634,1.318,7.47825
26.0195,6.57325,-5.069
24.13625,10.3965,5.9742500000000005
7.089499999999999,18.174,-7.6855
22.409750000000003,20.391125000000002,-5.760375
13.4865,28.965,0.9964999999999999
34.655,3.5365,-3.94225
23.471249999999998,9.41425,-7.09975
20.156375,-0.158625,-1.3722499999999997
25.2575,23.505000000000003,1.184875
26.576,-4.959624999999999,3.1268749999999996
18.326500000000003,26.0965,-6.6423749999999995
18.667125,20.00575,-6.121499999999999
26.92425,5.9205000000000005,4.4605
30.508,-4.8451249999999995,9.072375000000001
29.53375,31.60525,-8.23775
10.9225,17.805125,-5.743
13.585,5.351625,0.05049999999999999
27.76525,4.0145,-7.79875
24.0715,10.70825,12.225249999999999
19.429000000000002,4.0475,9.29425
25.003375,15.583375,9.169
36.0945,-2.3217499999999998,3.68775
25.397750000000002,29.1725,-9.6614375
18.284125,18.148875,-11.402625
14.99325,7.9635,-10.891874999999999
24.506500000000003,16.990625,19.53575
35.827875000000006,16.47675,17.912875
18.338,-2.266,5.0235
19.42525,0.15050000000000002,2.841125
10.933125,19.53,9.932
32.8795,14.296,11.867750000000001
22.988875,11.096875,16.240499999999997
33.04625,5.21125,2.33725
18.058500000000002,-6.285,5.074
10.35175,16.1795,-3.8198749999999997
29.753999999999998,24.249,8.4915
26.03425,12.120874999999998,10.80725
30.643250000000002,-5.132875,-6.015000000000001
25.089,6.88625,-6.860250000000001
25.242,31.610750000000003,3.5225
22.5615,19.8555,10.753
33.874,7.692875,4.70525
10.10975,10.51625,-4.248
25.177375,26.058374999999998,-4.411
13.146875,25.924500000000002,-1.302625
24.93975,19.23625,-4.64875
24.5725,12.48125,13.62875
24.236,16.170125,18.71225
12.948375,19.6105,2.9368749999999997
18.34,31.52525,5.515000000000001
9.309125,9.057375,-3.946125
32.84,-1.78025,-7.142875
18.883499999999998,1.068,0.32325000000000004
18.445999999999998,29.753,9.27325
37.88575,7.48975,10.639
18.746375,-3.2931875,-4.3493125
15.697,16.996875000000003,-12.831624999999999
29.1875,1.662,-7.09375
6.2486875,13.546375000000001,-8.157375000000002
17.74275,8.702625,-10.372875
31.898125,-8.282250000000001,-3.344875
20.16275,2.5915,-10.259
25.332,15.73725,-6.66775
23.730125,15.876,10.084
32.82325,3.1864999999999997,13.113249999999999
28.985374999999998,-3.423875,-6.545
10.839500000000001,27.17675,1.5924999999999998
10.381,8.698,-12.19125
38.672250000000005,19.390625,9.663499999999999
19.47,25.499375,-6.899
30.73775,27.16325,9.92175
22.625500000000002,21.160124999999997,-0.823375
34.551249999999996,-3.5949999999999998,9.803125
37.84524999999999,-2.001625,1.6172499999999999
13.9795,26.061374999999998,-3.08975
21.44,21.49075,12.65725
19.351374999999997,18.55125,-7.591375
24.11925,-4.65475,-0.182
34.346000000000004,-0.71825,10.746500000000001
33.105624999999996,15.239875,5.781000000000001
24.248375,31.170625,6.383375000000001
32.019625000000005,24.634124999999997,13.584
22.153875,32.518875,4.862125000000001
26.18325,26.727,3.2105
34.63550000000001,-3.2558749999999996,-1.8687500000000001
23.122,3.31625,8.468250000000001
7.17525,10.718499999999999,-9.783000000000001
20.7665,19.9575,-5.053000000000001
10.076125,22.339125000000003,-3.2333749999999997
26.4435,8.6455,8.565000000000001
32.429500000000004,-4.6675,5.616
35.700625,12.072,6.1555
17.776625000000003,-1.113375,6.97675
26.277,19.50125,12.35075
34.829125000000005,-1.7927499999999998,1.70525
33.477000000000004,0.49650000000000005,1.3014999999999999
16.935000000000002,17.336,-13.11275
25.450875,31.119375,-6.7415
28.124750000000002,26.326249999999998,0.06075
12.67925,24.4245,-7.2195
27.598625,19.83675,12.464
17.216625,-4.972875,4.359125000000001
30.830750000000002,-6.913125,-0.665875
29.465874999999997,19.322625000000002,7.991625000000001
25.513,9.91825,17.351625
22.183249999999997,-3.8,2.8577500000000002
27.5,32.128,-5.8375
10.344375,24.586,-0.7933749999999999
28.455374999999997,1.92475,10.787625
21.2115,27.8035,-3.949375
25.6875,18.66825,20.624499999999998
21.43825,13.807500000000001,8.505500000000001
30.714375,-8.033,0.47975
22.123749999999998,14.85925,9.94725
15.99225,16.459125,-2.86625
31.89875,11.042124999999999,-3.5045
19.8675,13.5165,-13.479
12.001000000000001,25.72425,-9.544
33.9535,8.69875,18.043
17.636000000000003,31.32425,6.44825
18.727375000000002,-3.86425,6.53975
32.00875,13.004249999999999,1.78275
33.2055,26.1325,11.456
18.421,14.0835,0.9325
40.729375000000005,-6.788125,4.972250000000001
32.328,7.5055,2.961
23.749000000000002,22.817625,-6.00675
24.219125000000002,-3.3661250000000003,-1.4284999999999999
15.06775,21.802999999999997,-8.777625
37.589,4.155,7.895
24.95225,10.56025,16.72625
28.116999999999997,17.919249999999998,15.564250000000001
20.064375,-5.20625,7.65075
36.392125,5.00775,8.128875
19.450625,27.320375,8.9825
19.920749999999998,28.5445,9.40475
26.694625000000002,7.291625,-3.8665000000000003
16.649250000000002,28.0325,7.47375
21.965375,10.61525,12.656625
35.92075,9.07225,5.173
34.571749999999994,-6.1355,3.90125
23.548000000000002,6.408875,-7.8555
28.063499999999998,18.830375,5.572375
35.247625,-6.80725,0.94375
28.943624999999997,13.254625,-3.7362499999999996
31.593937500000003,-4.07,-7.002937500000001
23.6145,29.2785,-7.565375
32.7765,-7.836375,1.853375
12.998625,20.386125,4.219875
13.754999999999999,17.5225,-9.628499999999999
21.973750000000003,15.30075,-13.8685
9.80225,14.805,-11.069749999999999
17.999249999999996,2.364375,0.0072500000000000064
25.894750000000002,30.602125,-2.0848750000000003
30.2915,18.111,5.08275
38.654375,-4.9350000000000005,8.442875
26.805,-0.764,9.153
37.0175,19.924750000000003,9.60125
34.373000000000005,-7.326499999999999,5.653499999999999
15.346875,20.445375,-0.671375
36.98125,-5.5565,-2.0367499999999996
10.913499999999999,24.975499999999997,-2.9590000000000005
26.387999999999998,2.565125,5.215999999999999
31.07425,11.16925,18.65175
14.795124999999999,3.9080000000000004,-8.862125
19.752625000000002,19.9985,9.91575
21.012500000000003,11.55675,13.385625000000001
23.4715,-0.8180000000000001,12.731125
32.3516875,4.6599375,1.65125
12.367750000000001,28.289875,1.50175
29.08875,17.658499999999997,18.83875
33.97125,5.481249999999999,4.512124999999999
33.27975,1.06975,12.047625
15.776375,16.73675,-11.319375
21.1455,-1.951,-3.41
6.414,16.2145,-7.312749999999999
31.714875,9.457374999999999,3.263625
37.324375,12.5445,10.027750000000001
27.918499999999998,7.0752500000000005,4.884625
36.7855,12.696750000000002,8.11975
13.336625,9.34375,-13.437375
19.654,25.5295,10.3675
27.704250000000002,27.6525,-5.769625
9.058,6.897374999999999,-3.76125
24.8475,13.72975,-8.2195
20.2045,4.49625,9.97625
21.935000000000002,32.14025,-6.71375
34.432625,7.609,6.608125
38.465875,-2.07775,3.59775
39.79,-4.6080000000000005,-0.417375
26.385625,20.647374999999997,1.0
30.006,17.4405,4.24875
10.615,7.8305,-7.8919999999999995
25.245874999999998,-0.6211249999999999,10.8415
22.41225,1.766,-4.967625
39.65725,-7.960999999999999,4.154
24.937,23.5265,-2.3529999999999998
32.581500000000005,-4.022,7.06025
28.868000000000002,-5.48,-0.242
30.9285,-4.1145,11.162749999999999
6.14525,15.351875000000001,-8.232875
19.646250000000002,11.274875,3.7575
21.950187500000002,5.942187499999999,-10.98475
20.41875,31.05075,8.814
15.80875,11.029,-13.129375
20.779125,5.2805,-12.10075
29.582,22.19925,9.01525
23.091749999999998,-3.349875,8.482
26.744999999999997,27.229625,-4.74425
18.453125,0.21774999999999997,7.425375
10.839500000000001,8.9855,-1.4575
25.661375,11.468250000000001,18.655375
36.338499999999996,-2.0495,5.1175
25.0965,30.186500000000002,2.7445
22.193624999999997,19.488125,0.25175
14.833875,3.30925,-6.08475
31.272,21.9095,10.25975
27.701,25.786625,12.018
33.956375,9.170375,19.333125000000003
26.913249999999998,-5.23825,7.4285
27.929125000000003,32.600625,-9.988875
11.732875,28.228875000000002,2.729625
33.994375000000005,-3.8866250000000004,-3.61875
14.92775,17.932875,-4.0465
14.544125,17.214875,-9.01625
27.5805,-5.7005,-2.6355000000000004
17.355124999999997,-3.7569999999999997,-3.411625
25.98675,22.690125000000002,6.031375000000001
16.425,0.30475,-6.2829999999999995
38.982,-4.33525,-1.99375
23.251875,11.477625,7.916875
29.6385,17.51125,15.28275
5.821624999999999,12.744375,-11.639
13.51425,18.63725,8.7485
17.129437499999998,12.6561875,-11.361374999999999
21.941499999999998,11.177,15.2725
29.477875,-6.9225,2.1551875000000003
29.79325,11.335,-0.15549999999999997
38.982124999999996,-6.329875,-1.8648125
9.486374999999999,21.0855,-10.32375
12.200125,25.0515,7.551125000000001
9.545000000000002,24.079,5.94975
33.22325,-3.436,-4.6395
4.749124999999999,16.705750000000002,-9.829999999999998
36.072,6.461125000000001,12.61975
41.1125,-7.79025,7.2052499999999995
35.4985,7.025,14.987
33.11475,15.7605,12.495625
28.213625,24.962875,-2.2649999999999997
26.619375,14.11075,9.1755
25.4435,7.744,14.29225
12.695625,7.109125,2.42225
12.02725,22.102999999999998,2.9227499999999997
19.247,29.7145,1.053
23.764625000000002,-2.3516250000000003,-6.7787500000000005
27.6685,25.346874999999997,7.109
34.197625,3.88675,4.205500000000001
28.09875,0.503,-4.88475
27.47475,2.2445000000000004,7.672124999999999
27.959375,-0.22762499999999997,9.300374999999999
37.18375,-9.034749999999999,4.827500000000001
30.21725,31.427375,-5.696875
25.05,9.5275,4.724
21.44225,14.205499999999999,-14.80025
26.483249999999998,-4.568,8.468
34.306,16.140749999999997,18.3885
18.33475,-2.53125,7.30875
29.217750000000002,31.536,-5.2543750000000005
11.8765,26.40625,-0.9565
20.557625,-6.255125,6.5504999999999995
14.46525,16.967624999999998,-13.656125
22.89075,29.64875,9.994625
25.318,29.944625,-10.9515
39.684,-4.702500000000001,8.29575
32.624624999999995,6.379250000000001,2.75525
30.87525,-6.35225,-3.78775
27.78725,5.3035,-5.1075
15.975750000000001,26.20275,-4.966749999999999
28.758499999999998,4.25775,-5.03975
16.822,16.62125,-10.484625000000001
28.244,12.92375,-4.6815
25.51325,5.477375,-6.9325
25.71425,17.58725,-1.72425
14.31325,9.7745,-11.9945
28.503,6.156,7.744
19.197000000000003,-1.1404999999999998,9.256499999999999
37.105374999999995,9.457625,8.5425
25.095,-1.722,8.639
8.33325,20.033,-9.619250000000001
29.571875,9.501375,-5.012625
23.1065,1.66725,9.86625
31.158,-7.30525,-3.502375
26.147,28.810375,-10.547625
27.780875,18.38475,19.27975
33.72825,5.6598749999999995,3.237375
27.592375,4.338,14.04275
8.097000000000001,14.721,-6.836375
29.871375,15.287125,-0.542375
30.304625,-1.0761250000000002,-7.8975
30.790125,-5.40425,-4.688000000000001
22.63175,21.551750000000002,-6.2677499999999995
9.611875000000001,7.536375,-7.0497499999999995
13.143875000000001,18.722625,1.8228750000000002
26.430625,6.827624999999999,14.273125
27.888,-3.749,-4.472
12.313625,7.714,-9.431625
20.66575,-7.166124999999999,5.82825
29.711,19.176000000000002,13.2385
28.531875,23.166375000000002,12.706625
31.529,15.39875,2.97275
26.327125000000002,28.932375,5.58
15.6105,6.34925,2.7998125
10.309750000000001,14.917750000000002,-3.9737499999999994
8.703,7.9955,-3.8985000000000003
35.50675,-7.861625,5.91175
29.494999999999997,27.571125000000002,10.27675
40.43724999999999,-8.997,6.560499999999999
16.447249999999997,10.265249999999998,2.51675
35.157250000000005,9.774875000000002,3.89175
23.9025,25.6005,11.525500000000001
27.5915,6.484,15.35775
14.24175,7.684000000000001,3.949875
33.485,7.6615,19.56925
28.231625,7.1107499999999995,16.358624999999996
19.2505,3.92,-9.04175
25.686999999999998,29.784875,4.245625
39.355000000000004,4.67075,9.737874999999999
30.263125000000002,10.330625,0.85925
20.753,25.596249999999998,9.92725
23.0015,28.96175,-2.1254999999999997
31.659,-5.63875,10.261
35.038375,-5.384125,-3.783125
24.547250000000002,30.279375,-0.821
14.63175,11.550749999999999,-14.282
7.159375000000001,20.262875,-10.579
10.63475,18.76325,9.1155
20.86775,-1.2505,-0.34349999999999997
22.68525,22.69225,-7.103
17.14125,1.9250000000000003,-3.1585
10.141750000000002,21.784375,-2.147875
23.917375,1.513875,12.433250000000001
32.218625,-10.399000000000001,0.2095
17.24925,2.441,2.174875
29.097,-4.0745,9.199
25.10375,19.57575,11.737000000000002
20.95075,-0.2215,12.38725
32.9815,9.827749999999998,3.7670000000000003
10.627875,9.87475,-13.38325
17.103125000000002,4.034625,0.5935
34.4565,13.091000000000001,15.317
24.26275,-4.8740000000000006,3.19925
27.33025,17.363374999999998,16.587875
36.92375,5.093249999999999,11.797875
33.272,25.5595,13.478625
15.9985,16.7015,-9.014625
28.982,12.273,20.616999999999997
31.749624999999998,-1.26275,-8.234124999999999
17.089875,30.6205,1.073
26.801750000000002,2.61975,-8.088249999999999
20.11425,-1.54775,2.045
12.871187500000001,25.075937500000002,-8.0018125
34.48075,13.01725,16.6845
4.919875,13.8540625,-10.5180625
11.80125,23.69175,8.57075
19.904125,-1.791625,-6.196
27.51475,-5.616625,1.9707499999999998
25.961375,31.406750000000002,-11.538875
38.89425,-9.129750000000001,6.02625
21.554625,27.843875,9.842625000000002
14.18975,21.2425,0.3115
17.327625,14.351125,-12.820625
26.404125,6.274375,12.151625
24.1905,29.426750000000002,10.427499999999998
30.085749999999997,8.793624999999999,20.190375
11.4855,17.72275,7.5545
29.080375,5.336875,8.334624999999999
22.36325,7.477125,-8.997125
32.525625000000005,23.253500000000003,12.53075
29.314500000000002,15.568625,-1.592
20.161125,17.661,-8.7305
11.657,20.563625000000002,10.54575
18.82075,13.267624999999999,5.802
23.128999999999998,9.647874999999999,6.093125000000001
13.12425,19.317749999999997,4.073
33.534000000000006,-10.213750000000001,-1.095
25.515,15.858,17.1085
17.319125,29.990875000000003,-0.6936249999999999
37.817750000000004,-4.50375,-2.4115
16.0285,17.645625,1.226375
34.47725,18.483249999999998,12.291
32.58675,27.5935,10.614875000000001
21.610625,30.524749999999997,9.612375
30.921499999999998,16.2635,16.860500000000002
20.109375,1.93175,9.88775
22.637749999999997,31.957124999999998,-3.76675
24.713875,32.142375,4.604125
32.127750000000006,11.884,2.4725
23.363500000000002,0.029000000000000005,13.66
29.95475,19.197,-0.05299999999999999
18.6475,11.4845,1.845
26.263625,4.519,4.73875
32.242374999999996,-3.153,-7.65125
25.36925,20.991999999999997,11.126000000000001
34.1565,-8.802624999999999,-1.58325
29.782125,8.194875,-1.16875
27.157625,31.386125,-11.841249999999999
26.396,16.941375,20.676875000000003
17.621000000000002,-3.5382499999999997,4.208500000000001
26.750375,21.740125,4.259
28.13275,31.33425,-5.3785
28.795125,15.552375000000001,20.07025
14.514375,6.09075,-1.939625
14.79125,16.396124999999998,3.040375
8.768875,14.291875000000001,-5.9295
18.401375,15.294375,-15.768999999999998
28.221999999999998,28.280625,-9.179124999999999
26.769750000000002,1.9788750000000002,6.27275
31.93725,5.95775,16.69675
30.74925,8.0705,0.48575
14.760375,24.612375,9.533000000000001
29.452749999999998,11.993875,-1.381125
29.344749999999998,32.14275000000001,-7.01325
32.184374999999996,-10.08275,-1.7726250000000001
31.161749999999998,9.442,-3.44125
22.868,4.58025,8.4825
17.455624999999998,-3.6754999999999995,-5.127000000000001
21.5905,4.086,10.259
16.543499999999998,13.37525,-2.1905
14.66375,18.798625,1.2457500000000001
33.5375,5.49025,-1.937875
18.77225,5.6427499999999995,9.17625
22.63075,1.467375,13.37725
11.062750000000001,23.014375,-11.057875
28.66525,28.25075,-4.2285
22.270500000000002,11.1135,-9.147375
22.851375,9.028875,16.476750000000003
30.95,11.8905,1.862
27.723875,3.2731250000000003,14.198625
20.387,13.24375,-10.929
13.192374999999998,5.223125,-6.714625
29.04925,6.922375000000001,18.47375
28.478250000000003,27.243875,9.521125000000001
17.668375,6.01525,-9.870875
22.529125,-1.7766250000000001,-7.613375
31.13125,-4.107374999999999,7.423500000000001
19.07925,15.1394375,8.148562499999999
15.936875,28.9005,-1.4169999999999998
26.136499999999998,26.05775,1.50725
26.488750000000003,-4.45275,4.588875
24.746499999999997,10.927125,-9.400125
20.6905,4.0634999999999994,-12.003499999999999
25.421125,3.5325,-7.24725
25.187625,14.392875,18.830624999999998
13.336625000000002,17.708875000000003,-12.3355
29.029374999999998,25.973625,12.462375
26.615499999999997,-4.3713750000000005,-3.806625
21.801,22.523625,12.89575
33.3865,1.5347499999999998,-4.13225
9.17625,10.37875,-5.1392500000000005
25.258000000000003,12.7519375,18.60125
34.61775,-0.495625,5.895875
19.169249999999998,2.6942500000000003,-7.667375
31.1385,10.185749999999999,-5.011875
22.87425,23.893,-7.862375
37.798500000000004,5.269375,11.18675
22.764,14.983,-12.335
19.68275,10.9745,-9.03225
8.68,11.661625,-7.274375
25.54975,11.917750000000002,20.285249999999998
11.861500000000001,17.571875,9.345875
35.8915,-8.571,4.3245
32.44475,16.19975,16.875
12.713375,19.169375,-4.42925
20.613,28.47,-4.804
35.07662500000001,-7.006125,-1.8982499999999998
31.868374999999997,10.254249999999999,19.441499999999998
14.977,10.52425,0.22062500000000002
31.686374999999998,15.843499999999999,18.413625
18.6723125,0.09868749999999998,5.826125
27.46725,10.766874999999999,-5.34325
11.985,22.398,1.5858750000000001
18.836374999999997,-2.197875,-6.750125
33.93975,14.843250000000001,11.578125
29.706249999999997,-0.7255,11.12275
5.6373750000000005,16.123375,-8.7825
27.347375,26.752625,9.872499999999999
20.48075,6.545,5.23175
25.98375,19.36025,19.453
27.597,-2.8607500000000003,8.355
32.529250000000005,-1.55925,10.2335
39.045,-6.9079999999999995,8.5805
30.467499999999998,17.597,0.54175
29.1725,28.71125,-8.446
28.1595,-5.24025,-1.3519999999999999
16.034999999999997,25.748375000000003,-2.846375
6.7855,19.597749999999998,-11.6415
39.426125,18.428375000000003,10.297
10.245249999999999,23.444625000000002,-3.60375
13.416625,6.04775,-1.21075
13.259374999999999,18.470875,-10.982875
9.321375,25.524250000000002,5.778874999999999
21.27075,25.208125000000003,11.119250000000001
21.60975,29.24025,-3.9958750000000003
29.182499999999997,3.195125,15.483749999999999
20.846000000000004,-1.305,11.390625
35.5745,-1.33725,10.5561875
17.715125,26.403000000000002,-5.499124999999999
36.143,-0.04174999999999998,11.637875
18.972625,31.164875000000002,8.551124999999999
17.204875,-0.704125,-2.765125
18.1985,29.908749999999998,1.79325
25.7775,31.642,-9.249500000000001
33.894,-6.31025,6.5752500000000005
23.309,22.25325,-5.0447500000000005
24.624,31.567,2.516
29.1994375,8.213750000000001,-2.7156249999999997
18.962625,4.754,4.945
11.091999999999999,26.55325,0.09400000000000001
16.46575,26.503,7.960875
14.57875,10.376875,-13.468625
11.258,17.6715,8.54625
15.473125,31.316499999999998,2.8204374999999997
33.51875,10.130875,19.4405
26.923499999999997,25.456125,0.5082500000000001
34.6698125,0.53925,11.682375
14.843125,5.140125,-5.3161249999999995
10.92125,11.358125000000001,-14.434875
13.663,24.083750000000002,10.009875000000001
9.032875,9.733875000000001,-10.969375
29.898875,-2.0757499999999998,10.80875
28.7795,25.257375,-0.17362499999999997
18.71825,-7.4275,5.4239999999999995
34.393750000000004,0.738,5.70575
27.86625,2.285375,-7.614375
25.34825,11.193249999999999,9.8065
21.861874999999998,9.82525,6.78725
27.276,18.925625,13.3453125
33.436375,13.533875,2.78625
16.985,3.3873749999999996,-3.6838749999999996
24.52225,27.08225,-7.989750000000001
19.33475,9.7625,6.6865000000000006
13.203125,7.50525,3.3508750000000003
30.632375,4.752000000000001,-2.842625
26.4165,27.076999999999998,1.740125
17.0655,3.98175,1.9422499999999998
26.791375000000002,5.70575,-6.186375
24.874625,-3.579125,8.25525
34.568250000000006,15.52625,12.07475
36.233937499999996,15.472375,15.5623125
9.7735,8.73425,-7.199375
17.331375,18.240000000000002,-8.075375000000001
22.408625,29.482750000000003,-3.11125
12.2515,23.451999999999998,-6.49
6.6883125,11.5584375,-10.8739375
26.73075,17.505499999999998,13.125
35.17925,5.9848125,7.4730625
24.902812499999996,26.421999999999997,-6.72875
25.981125,12.953,20.125999999999998
17.658125,2.505875,3.5475624999999997
23.43125,23.405,11.9701875
17.656125000000003,20.478,8.0705625
37.960125,7.005625,7.800625
36.50149999999999,-2.42525,-1.71575
25.008000000000003,28.6535,-8.667000000000002
36.4035,-1.9005,7.864000000000001
18.42875,1.91875,-1.957
30.0215625,-6.3970625000000005,0.01075000000000001
30.7275,15.285,2.2785
22.9805,19.828125,0.9425625
18.313499999999998,19.6105,-7.002
27.7875,17.2565625,14.7584375
35.332875,16.413874999999997,16.922
18.590187500000003,2.4539999999999997,6.1994375
15.9919375,12.982125,-4.9580625000000005
34.146249999999995,14.537500000000001,14.73075
17.578625000000002,21.570999999999998,8.407250000000001
32.135937500000004,-3.6915,-6.233125
25.32275,25.76025,4.5286875
26.83175,22.94525,11.44125
22.71425,15.999,-7.938750000000001
26.379125000000002,24.8210625,6.2668124999999995
18.450000000000003,5.31625,-10.0486875
24.8878125,10.5598125,-7.3135625
9.4375,17.4625,-11.306000000000001
16.628124999999997,12.582625,-1.374375
29.8174375,4.5955625,6.8138749999999995
34.024,2.36625,11.72975
9.10275,9.699625000000001,-7.218375
26.3506875,13.86975,19.706937500000002
14.426124999999999,24.554375,-7.0485625
28.8008125,4.6865625,-3.7509375
35.755812500000005,1.5555625000000002,11.28725
26.457124999999998,12.9228125,9.953125
33.711,18.672625,11.312375
22.0125,7.9239999999999995,6.727
30.0678125,16.3256875,1.7873750000000002
34.681125,4.821625,8.239
34.1771875,3.3419999999999996,12.04025
29.3168125,21.2444375,11.950500000000002
36.219125,2.692375,10.159749999999999
31.5941875,14.2815625,2.2245624999999998
22.78575,30.232999999999997,-2.5402500000000003
19.362625,-4.1505624999999995,2.9358750000000002
37.33025000000001,18.5215,9.032125
9.567781250000001,12.55796875,-11.83690625
26.3981875,28.5034375,-1.861625
25.057,17.154,11.274
35.743125000000006,16.273875000000004,12.196375
28.03475,12.55775,14.2975
17.754125000000002,17.333875,-10.5515625
19.20275,2.745875,9.174
28.692124999999997,-2.0909999999999997,-6.124124999999999
33.60875,9.939687500000002,15.0733125
13.8030625,17.272437500000002,5.419812499999999
20.90425,1.938875,-6.022875
38.61975,-2.8886249999999998,4.83075
27.8799375,21.814687499999998,12.183937499999999
20.500500000000002,22.319750000000003,-5.854375
8.279625000000001,12.5720625,-11.254750000000001
11.95875,15.96425,-3.9490000000000003
32.336999999999996,11.329375,18.575625000000002
20.18375,2.09875,-8.336500000000001
20.608125,-3.655,3.004875
30.195124999999997,17.08925,-0.31174999999999997
12.0685,23.459,-5.276999999999999
26.839375000000004,20.4999375,4.5329375
21.341,3.3367500000000003,-6.57375
28.29675,12.770875,13.0586875
18.089125000000003,3.9708125,-8.0868125
17.9395625,7.4200625,2.6656874999999998
25.293999999999997,0.5136875,10.0560625
18.34525,25.07425,-7.5555
36.36025,11.966000000000001,10.638
27.2476875,16.4375,13.9633125
16.6225625,24.290875,-7.952937500000001
26.15,8.801749999999998,11.040500000000002
24.4246875,11.590625,16.3286875
25.172,24.568875,-3.2131875
20.6563125,12.027125000000002,7.4674375
22.4833125,8.60575,-7.951812499999999
30.85425,-7.8105,-1.234
40.8374375,-6.9088125,0.464875
28.593625000000003,9.001,19.192875
27.973125,17.38425,-1.2345
13.856125,23.902500000000003,-9.420499999999999
25.152125,12.169625,9.5503125
12.015625,23.369875,-10.792375
35.2235,3.6814999999999998,8.76975
23.0366875,4.935875,6.87825
34.7578125,18.9450625,10.3790625
36.33562500000001,-6.4651250000000005,-1.1632500000000001
27.198875,16.325375,10.306249999999999
17.471,17.332,8.2765
25.422,5.1855,5.0927500000000006
25.83325,-3.3036250000000003,-4.356
27.613374999999998,7.7155000000000005,-3.0921250000000002
22.0465625,19.5181875,-0.7964374999999999
20.559125,29.8255625,-4.804062500000001
26.443375,17.202374999999996,17.127375
18.8256875,26.547625000000004,-5.5446875
19.08325,0.677625,4.376875
26.0283125,14.9211875,19.769687500000003
10.479875,19.15775,-10.870625
18.4423125,27.074875,-2.811125
25.937875000000002,13.13875,15.935625
15.537875,18.41125,0.41681250000000003
27.73775,13.7575,20.195375000000002
37.76475,-6.7540000000000004,8.261500000000002
14.5235,30.602,1.188
38.942499999999995,-8.8045,7.3525
25.847749999999998,26.826625,-5.38925
25.6811875,14.3155,-5.912375
28.54325,27.05825,11.177
10.79475,25.203875,0.189625
22.25425,30.446625,-3.5564999999999998
25.775687500000004,17.3815625,-3.2606875
17.652124999999998,4.57475,3.6725624999999997
29.9839375,15.0664375,18.999375
27.675875,3.9286250000000003,12.4315
36.143249999999995,-3.7726250000000006,6.286375
36.7001875,15.1551875,11.7606875
10.53575,24.121,-2.00075
23.237375,-2.37925,9.310500000000001
21.216875,12.211749999999999,-10.002125
10.620000000000001,12.7289375,-13.392875
33.767375,-3.3341250000000002,-2.397375
40.673249999999996,-5.96675,-1.4369999999999998
34.0914375,5.663625,6.815125
10.8415,22.0845,-7.676125
30.42,5.4810625,0.06375
31.5735,16.32775,14.30225
26.1363125,11.097625,-5.635624999999999
32.129625,-0.464875,-7.39325
29.3515,20.127499999999998,12.219375
30.477874999999997,3.4994375,-4.907187500000001
15.8675,27.469250000000002,-1.22525
16.2769375,21.581125,-8.935375
18.527125,18.3315625,-12.601312499999999
28.61475,18.81975,3.7805
33.87168749999999,4.6141250000000005,7.436999999999999
10.9125,25.836750000000002,-1.54125
21.708,-2.0135,-0.708875
23.64975,9.625125,12.863
19.70275,5.482,5.320749999999999
26.8645,6.5815,10.055
18.694,28.964,-0.06999999999999999
29.01125,19.869687499999998,1.6676250000000001
18.647624999999998,20.054875,9.127125
33.5786875,-2.1788125,10.21275
36.9916875,7.428437499999999,7.4315
20.393125,24.80475,12.02525
24.0236875,10.826062499999999,7.333500000000001
11.226625,10.485,-3.2088125
29.87,6.266,-1.436
37.85090625,-6.95875,-1.4309375
26.0115625,16.875812500000002,-4.0916250000000005
15.9895,11.983,-0.26275
21.9339375,3.1704375000000002,-5.4374375
31.755437500000003,19.7289375,9.8611875
21.794249999999998,27.680124999999997,-6.628749999999999
26.381999999999998,-1.6488749999999999,8.421875
19.8995625,8.047875,6.181125000000001
21.786625,-2.459,-4.23925
20.0405,26.406,-2.221
25.291249999999998,9.9245,-5.047375000000001
30.063000000000002,26.859250000000003,11.688312499999999
13.1988125,25.6388125,7.06625
34.7855625,-0.60275,-1.5123125
21.9809375,14.161125,-13.5369375
18.834,5.721375,3.430625
19.771,27.497999999999998,-4.465999999999999
30.611,12.987124999999999,0.9779999999999999
10.89784375,27.45528125,3.7935624999999997
11.91225,22.032125,-6.050625
33.1665,13.902750000000001,19.5
30.55525,-4.21425,-7.27975
7.7585625,11.372687500000001,-11.0149375
25.985625,27.919125,6.868625
32.6665,-4.9788749999999995,-4.0178125
19.091125,18.354875,9.189875
9.401499999999999,20.1905,-6.79225
12.9395,7.9714374999999995,0.7015
9.999,13.7491875,-5.3786249999999995
23.6405,-3.26825,-0.075
28.471625,-6.1396875,1.5280625
33.852,-0.21746875,2.929875
31.92125,-4.269375,-5.361000000000001
34.0584375,17.1095,7.44825
18.291625,16.554375,8.786625
31.8724375,-7.1057500000000005,2.50525
32.949875,14.649750000000001,2.9724375
40.291124999999994,-7.837999999999999,1.4185625
27.1465,17.0954375,-1.9814374999999997
26.29025,-5.652875,1.9196875
29.33125,3.0218749999999996,6.450312500000001
24.21375,1.7613124999999998,-4.980625
20.635437500000002,-2.01325,9.418187499999998
36.23406250000001,-7.067,1.9621250000000001
18.3465,2.379875,7.352375
10.3899375,23.620874999999998,-8.535875
11.8366875,20.184874999999998,-4.6745624999999995
22.1088125,-4.897125,7.2164375
26.351312500000002,26.260875,-3.248875
27.83325,21.06825,0.62
34.988749999999996,10.56725,14.51725
29.671,0.614,12.526875
40.1339375,-4.203625000000001,6.18975
23.5745,4.1697500000000005,5.921625000000001
14.821625000000001,27.61575,-0.26037499999999997
22.95375,4.766937500000001,-9.1313125
27.115000000000002,18.463375000000003,17.7810625
18.177,16.2465625,4.9686875
22.0655625,21.353,-2.572125
31.63325,16.6986875,6.401375
26.6949375,14.911125,-3.992
17.9731875,20.7406875,-7.3998124999999995
27.659437500000003,20.7293125,11.992125
26.80625,1.22725,7.939875
26.4801875,11.9075,11.959125
32.38925,6.12275,-3.8485
33.26175,10.858125,18.3158125
30.035,7.542562500000001,19.878125
12.298874999999999,21.3724375,-1.7854375
19.46875,-1.3326250000000002,-2.73425
36.002375,-5.67975,-2.3200000000000003
24.412,-0.09849999999999999,12.4465
34.222125000000005,6.574375,14.61075
31.2563125,-1.4126249999999998,10.4169375
17.552,15.35675,-14.4495
7.357,15.55425,-11.18225
8.142375000000001,10.93375,-7.898125
8.862,19.989,-7.731
32.9225,18.990000000000002,9.8995
35.204375,-2.495875,8.9
28.818875,2.866625,7.55325
12.38625,14.215375,-13.7915
19.511499999999998,5.682875,-11.856124999999999
40.2549375,-1.991,4.4645
29.546750000000003,18.3350625,2.2653125000000003
31.791,26.4875,12.7395
18.906625,29.49575,3.0542499999999997
10.544749999999999,11.03375,-5.189125000000001
18.592750000000002,14.747,2.6487499999999997
13.08,7.23925,-10.70775
20.8825625,13.3755625,-12.758375000000001
29.7494375,14.0249375,0.47625000000000006
31.349125,5.5715625,1.5934375
18.22075,23.266875,10.312375
30.6525,5.41,-1.6195
12.0645,21.597125000000002,4.2633125
37.4975,8.536249999999999,7.9030000000000005
13.1005,11.282499999999999,-13.919249999999998
40.729875,-6.775437500000001,3.08475
22.375,1.7303125,11.923625
27.399250000000002,26.429000000000002,10.92975
37.957375,19.46,11.8894375
32.78425,4.38475,-5.016125
12.389375000000001,19.191375,5.345125
37.911,16.232125,12.572
41.4943125,-4.549875,4.1050625
30.91975,16.14225,15.604375000000001
26.2776875,21.534375000000004,3.218375
39.0074375,-2.365875,0.9455
22.632875,24.74025,12.43075
21.53125,7.371625,7.8580000000000005
26.065312499999997,18.122875,11.970875
17.90925,17.290499999999998,2.3271875
24.819625000000002,28.861874999999998,1.486875
14.119187499999999,24.532875,-8.470500000000001
12.24925,26.492312499999997,6.70475
15.255,6.075,-2.779
8.6460625,10.9439375,-11.9355625
26.601,0.27449999999999997,-5.577
40.750625,-5.349375,0.7685625
22.6305625,5.139375,-10.191437500000001
19.097749999999998,23.9295625,-7.3181875000000005
25.337625,8.62975,11.882625
11.859874999999999,16.609125,-13.347375
24.1683125,16.990000000000002,-6.2261875
34.1915,2.168,7.26875
31.334000000000003,22.073,11.8965
34.956562500000004,-1.73925,4.6104375
39.92725,5.9405625,8.979
25.8668125,22.9309375,4.7234375
33.107875,-7.9978750000000005,-3.274625
37.618375,16.973,9.027437500000001
22.109750000000002,3.179625,-8.761875
16.6625625,15.5679375,7.544625
30.5630625,22.136499999999998,9.2681875
10.4635,6.0813749999999995,-5.7949375
15.99925,18.75925,-7.11325
31.269,22.893,12.518
17.67,30.44525,8.106125
21.817999999999998,17.1975,-7.3785
36.35525,-7.7863750000000005,7.950875
13.776875,21.424500000000002,10.584875
9.2775625,14.9266875,-5.176125
19.003500000000003,10.0445,4.4905
15.693999999999999,-2.710625,-5.14025
25.692874999999997,25.5403125,3.596125
14.2829375,4.0358125000000005,-6.89525
26.689812500000002,30.88525,-4.687250000000001
11.8535,20.314,-10.878625
26.48275,8.6661875,9.938125
28.714624999999998,20.148125,0.234
16.727,16.3449375,4.92575
11.0305,19.488875,7.63225
31.8061875,-0.3175,10.4286875
17.595875,13.9515,-0.49862500000000004
33.500499999999995,3.78875,-1.49975
23.0889375,-2.915,-5.2519375
16.42575,-0.08187500000000003,-4.063375
17.023,6.436875000000001,2.5866249999999997
17.8064375,-4.069375,3.1939375
38.80259375,7.4551875,8.97040625
15.407625,19.5625,0.17200000000000001
22.64025,27.888125,-2.1358750000000004
16.5358125,17.300124999999998,2.641
14.898937499999999,12.39575,-6.2359375
18.400125000000003,9.502749999999999,-9.848875
36.156000000000006,-2.4775,6.6495
25.7256875,18.8464375,-0.6948749999999999
30.14225,23.921875,12.476375
22.1075625,29.765124999999998,-7.449249999999999
12.43925,15.778,-13.913625
18.9788125,18.127187499999998,-10.3445625
33.697,3.529,5.827
9.29875,20.394375,-8.539625000000001
24.161437499999998,4.3301875,-7.3095625
25.3326875,24.806062500000003,11.598875
34.717749999999995,4.8235,-3.162
36.1231875,8.376562499999999,13.005437500000001
32.6419375,2.1041875,12.532125
34.7385,11.597874999999998,11.9965625
16.61625,2.871875,-6.962
5.065875,14.103250000000001,-9.445
15.084187499999999,14.641375,-4.66875
17.784,-2.726,-2.932875
23.325125,5.790625,8.304749999999999
20.124,0.852,-7.164
25.56625,27.18,10.043625
27.975375,3.5619375,9.973374999999999
13.743125,19.742375000000003,-8.049375
5.4561875,18.3124375,-11.065
37.822,-7.743625,1.02525
16.3590625,5.388249999999999,1.424375
12.4705,21.0335,2.326
18.650374999999997,-3.0955,-5.400875000000001
17.071125000000002,-1.5334999999999999,-6.206625
20.566625,29.862750000000002,1.277875
33.9715,10.96890625,3.91228125
16.4525,30.482750000000003,7.084875
29.434874999999998,17.316375,3.09575
12.3955625,29.58834375,4.58421875
25.8270625,24.160125,4.1015625
16.094,11.535,-11.52975
23.4803125,30.6739375,-1.173625
32.81425,11.7955,15.2205
40.1936875,-7.263562500000001,-1.063625
16.6060625,30.431062500000003,4.9880625
30.1360625,4.1463125000000005,-3.7125624999999998
34.056625,4.3155,-4.583625
32.269999999999996,10.853625000000001,17.308875
27.30475,15.780875,20.1015
28.23425,5.69525,-2.80925
31.32875,6.7333125,1.7394374999999997
32.21725,19.347875000000002,11.27325
8.809625,6.456250000000001,-5.707812499999999
30.783625,25.1493125,8.1609375
16.845937499999998,25.4288125,8.1514375
6.00875,15.975375,-11.15
34.5898125,-3.992375,7.606375
24.308,9.98425,-6.3605
27.187937499999997,5.763625,10.534937500000002
31.209000000000003,19.529249999999998,13.016499999999999
21.52075,-5.927,5.2599374999999995
23.38775,-2.99625,-2.576375
33.845,5.1926250000000005,5.828749999999999
33.579375,12.203624999999999,18.5589375
27.9895,8.163,6.2023125
24.1878125,3.8610625,-5.9605625
25.1755,27.26325,4.5785
29.546375,-3.234,10.326875000000001
17.196375,3.5756249999999996,-1.846875
24.358,12.3020625,14.992
28.174999999999997,3.9195625,4.8609375
14.902999999999999,19.035,-7.30225
28.646875,31.6785,-10.084
33.65975,13.1459375,12.264500000000002
15.142062499999998,14.11225,-13.8583125
25.89025,9.756,19.05475
34.05275,16.750687499999998,16.6796875
18.97275,20.862,-5.663
10.356375,24.430125,6.479875
32.633125,9.6871875,16.056624999999997
20.58625,-1.792,-2.20675
27.15025,32.204499999999996,-7.228
20.41975,26.551625,-6.083875
15.7080625,12.6389375,-3.0058749999999996
28.23075,5.053625,-6.59825
11.9895,22.1585625,0.181875
21.07625,28.80475,10.232
30.714875,-7.336375,2.173125
28.7693125,26.5555625,-1.033375
17.033749999999998,12.565375,1.296375
10.8545,18.9145,-6.0565
15.029,5.3300625,0.06443750000000001
21.191,2.394,-8.739
11.238875,16.886125,-4.3260000000000005
25.792499999999997,23.4918125,11.1840625
36.244625,15.500625,18.796374999999998
22.672687500000002,-5.3628124999999995,5.958187499999999
18.86475,11.83925,-10.243
11.189687500000002,17.953875,-11.3276875
22.434625,22.771749999999997,-3.1334375000000003
9.7635,22.895875,-10.638562499999999
12.260125,23.2971875,9.770125
15.88725,21.195125,7.791625
27.781,22.951,7.464
25.71975,31.071875,-4.50825
34.2470625,8.657499999999999,4.0238125
30.7033125,8.6540625,1.8485000000000003
27.926375,18.271375,14.5405
14.2648125,16.4,4.348125
28.735500000000002,10.894874999999999,20.212874999999997
31.69275,-8.775375,1.348875
13.124125,9.39,0.66675
20.1125625,22.915656249999998,12.9771875
32.112125,0.444625,-5.8780625
27.964125,19.875625,6.507687499999999
14.6861875,29.407375000000002,-0.008375000000000021
8.1135,7.406,-5.52325
20.7735,26.7425,9.336500000000001
15.049875,23.076124999999998,-8.5755
13.6200625,4.883437499999999,-8.3563125
21.56175,5.007000000000001,9.838687499999999
14.631625,6.373,2.400125
25.957,9.9095,10.5535
12.571625000000001,25.581249999999997,-3.367125
34.226625,2.5100624999999996,4.514749999999999
36.21225,-1.2604375,0.6384375
11.9375,17.9021875,-4.2304375
22.899875,20.9953125,11.3771875
30.604750000000003,25.2475,12.828125
29.253,23.3665625,8.7016875
20.488,16.527,-14.479
11.062000000000001,14.169375,-12.94975
28.8485,6.1126249999999995,-2.1395
21.868125,9.68675,-8.313375
33.4919375,1.3721875,2.0390625
19.8895625,-2.7474375,8.063812500000001
31.6848125,-9.007125,-2.1852187499999998
28.061750000000004,15.363500000000002,14.00925
30.758125,11.639312499999999,-4.944875
37.1143125,15.21,16.608125
30.271,9.2580625,-1.6351875000000002
34.92975,15.42925,7.406187500000001
28.264125,-4.229875,6.086374999999999
28.74825,-1.041625,-4.78225
18.87225,15.501000000000001,1.428625
33.75325,-6.585,-3.32475
16.75475,-3.9054999999999995,-4.3875
31.1075,21.048000000000002,11.894
20.378249999999998,17.6125625,-7.2353749999999994
23.302,22.819499999999998,-1.7409999999999999
21.745375000000003,30.9718125,6.097625
32.653,-3.7169999999999996,10.879625
35.710625,0.7606249999999999,7.0755
27.097625,9.6738125,-4.568625000000001
30.029375,28.861125,-5.314875
30.202375,2.737625,-6.0177499999999995
16.224625,-2.0095625000000004,-2.7623125
17.430437500000004,27.6684375,-1.70675
36.78684375,-0.7494375,9.23775
29.55675,12.706375000000001,-2.653375
33.647375000000004,-9.359749999999998,0.280625
13.5555625,21.13675,-2.7824999999999998
35.956562500000004,14.2199375,11.21725
12.2711875,9.964375,-13.8035
21.993000000000002,12.710625,8.606375
23.1336875,32.147875,-5.45875
36.9579375,-8.9529375,7.2329375
22.17875,-2.31575,-2.7032499999999997
27.58625,16.37675,15.279875
10.8995,23.06775,3.0465
24.566812499999997,12.4865,-9.5019375
10.8810625,12.6963125,-5.65125
27.429375,8.765125,7.218999999999999
22.933937500000003,31.563875,6.5030625
26.25875,11.627,13.398625
30.377625000000002,30.168625,-7.7165
34.678625,6.329625,13.317625
37.0071875,0.317875,10.58075
28.219250000000002,14.8813125,-3.1715
24.249,29.676625,9.3278125
26.8254375,0.9023125,-6.375125
12.94575,11.2611875,-5.263
24.4939375,6.642437500000001,5.901875
23.640875,-4.7365625,8.091125
35.702749999999995,-3.130375,-2.0139375
41.051125,-1.29475,3.45975
17.0731875,17.034125000000003,-8.877125
35.72375,-2.4175,2.5229999999999997
33.3523125,9.3369375,17.104187500000002
32.6815625,15.265125000000001,4.707437499999999
41.29825,-1.2379375000000001,2.2698125
30.661625,6.4815000000000005,17.60875
27.4,14.565624999999999,9.91425
30.806375,-3.32475,-8.686250000000001
12.0904375,7.556312500000001,-3.2399375000000004
14.566812500000001,24.4446875,-4.9926875
24.5585625,0.39749999999999996,9.0258125
23.088812500000003,32.9718125,3.8973750000000003
22.827749999999998,27.127875,10.4255
18.7329375,-2.1135625,-3.1700625
13.632125,6.1416249999999994,1.1495
28.583624999999998,19.4890625,13.30675
13.350999999999999,12.025125,-1.1967500000000002
27.829749999999997,15.086749999999999,10.668625
30.443,18.0113125,6.4944375
10.677,23.8016875,0.902375
8.5060625,19.9158125,-10.975312500000001
29.493000000000002,6.7055,15.5455
12.158750000000001,18.65625,10.1519375
20.4124375,30.0863125,2.3514375
32.3664375,-4.8995,8.880125
37.0645,-5.045,7.897
13.936125,15.6995,-3.9515625
26.538625,8.471875,17.404625000000003
33.482124999999996,-0.6327499999999999,4.406125
13.837125,22.879,10.2246875
35.192125000000004,13.322,18.55975
32.61225,4.09425,13.69975
26.110500000000002,17.0895,11.7395
10.646125,20.04240625,-5.932125
23.761249999999997,14.48,9.34075
18.443,0.3068125,-2.5185625
12.384625,6.5929375,-5.2826875
16.7875625,10.570999999999998,-10.066312499999999
40.8115625,-5.3964375,7.912937499999999
17.288249999999998,22.65775,-9.035875
29.7511875,30.037125000000003,-4.838875
10.382875,6.5520000000000005,-4.181125
41.729124999999996,-4.27125,2.4177500000000003
17.65825,1.244125,1.1755
12.8105,30.833687500000003,3.2341875
33.643875,1.7125000000000001,-0.6294375
25.268874999999998,10.273499999999999,6.035125
41.273250000000004,-3.115875,5.081125
14.7335,20.56325,-8.046
23.620874999999998,22.2785,-0.0226875
38.99375,7.026625,11.0475
11.100562499999999,21.7225625,9.426125
8.478375,8.636312499999999,-6.242687500000001
14.0390625,9.134250000000002,3.732125
31.494,8.795,20.15525
22.058500000000002,31.90375,1.98375
11.92775,11.651250000000001,-1.23475
24.7325,-3.074625,-5.6312500000000005
26.742625,29.736375,-11.349062499999999
17.0325,14.93,-1.56
19.049999999999997,0.7424999999999999,1.82925
33.01225,-4.7235625,10.305375
23.9925,-5.37825,7.24325
13.501874999999998,8.714875,-11.665875
17.50925,18.67275,8.74
18.9508125,15.172375,3.939375
19.261625,3.77025,-10.661249999999999
35.0675,14.01925,6.5445
35.5423125,7.629250000000001,6.8306875
27.60925,12.987749999999998,15.368125
34.213,-8.318,-0.39
20.29375,18.862625,-5.788625
23.910625,8.4285625,14.179124999999999
16.9215,26.3075625,-2.3321875
25.2315,2.152,5.755875
20.1893125,30.0694375,4.3264375
13.869375,20.2783125,-3.8213125
31.486,5.037,15.897
25.01265625,12.69603125,16.784
25.534,27.631,0.8005
31.799625,5.340875,-2.0115625
19.687625,6.193625,3.9811250000000005
32.238749999999996,3.058,14.762
27.08175,19.646625,5.5535
17.75625,-5.948375,2.9425
21.529125,18.7138125,-5.650625
17.904375,1.58175,2.628625
21.108999999999998,20.32025,10.662125
36.9985,-4.249874999999999,6.6099375
23.802500000000002,3.6425,-4.98
17.262999999999998,-2.812375,-5.833125
24.640375,-5.853999999999999,1.7165
20.4375,15.393562500000002,-15.400437499999999
30.5109375,5.8634375,15.993125
19.072875,0.984875,-1.139375
26.512124999999997,-5.187125,-1.9943749999999998
18.546625,17.211875,4.095375
14.204625,31.21125,2.596375
23.866500000000002,20.57975,0.6619999999999999
19.8120625,-6.6590625,3.9655
25.4825,16.2845,9.903500000000001
5.7978125,11.66025,-9.5116875
22.087,16.348750000000003,-11.33125
27.388062499999997,11.901125,20.966812500000003
23.756375,23.343875,-4.1762500000000005
24.232374999999998,-1.3799375,9.7631875
26.884124999999997,10.709875,20.428375
15.8539375,5.40825,-1.0687499999999999
18.1999375,-3.0633125000000003,5.788187499999999
16.112499999999997,7.709125,-10.23875
12.9005625,20.2505625,-10.2495
26.140375,29.8375,6.61725
11.3665625,24.347875000000002,7.1383125
22.36425,25.5799375,10.66225
16.285,19.0535,7.609500000000001
28.143625,26.182375,8.462
10.138874999999999,24.7085625,2.341125
26.541,13.617875,-4.811249999999999
24.02125,-3.1465,-3.9026250000000005
31.553125,17.33575,13.492625
29.214875,5.093625,5.801
19.118625,-2.5735625,3.3669375
23.25625,29.158250000000002,-0.63925
13.669,26.560249999999996,-0.20024999999999998
25.8966875,-0.4990625,-7.000500000000001
23.02375,31.129875,8.2075
21.500875,7.1857500000000005,-10.106125
38.815250000000006,4.318875,7.370625
27.06675,8.861625,18.82725
28.615499999999997,14.52675,13.45675
22.0765,8.790500000000002,15.778125000000001
20.192,-2.563375,2.2074375
24.5078125,31.42275,-3.2801875000000003
36.966,11.6356875,8.51125
30.585625,16.042499999999997,3.8089375
24.23825,23.635875,-6.558
13.375812499999999,9.8409375,2.16175
24.6368125,23.97525,-4.471500000000001
36.16175,7.312749999999999,14.034375
20.495749999999997,24.768812500000003,-6.9768125
33.575874999999996,3.4229374999999997,7.210875
14.652875,20.936375,8.558375
28.067,5.576499999999999,4.83675
37.067,6.690125,11.486125
30.185625,28.978375,-7.3786249999999995
38.661875,16.69325,10.373625
30.967875,18.904875,8.0934375
31.851125,17.794125,7.774
21.951125,-0.8394999999999999,-7.1394375
25.177812499999998,-4.386625,-2.4987500000000002
12.071000000000002,29.652749999999997,2.783
25.292875000000002,30.8260625,5.593875000000001
18.7666875,-5.352374999999999,6.727812500000001
26.8441875,21.095937499999998,5.572
31.7354375,4.2815,0.18806250000000002
35.72143750000001,-6.848,3.2361250000000004
18.973999999999997,14.35375,-14.323
37.897437499999995,-1.4045625,-1.111125
33.852999999999994,5.1985,13.007124999999998
20.0843125,8.099375,-9.08675
23.117125,1.477125,8.6325
28.953125,10.8206875,-5.500937499999999
40.7859375,-2.7443125,1.362875
29.56725,-1.0342500000000001,-6.04425
36.882125,14.8505625,9.790125
21.931874999999998,24.786500000000004,-7.4910000000000005
32.7968125,-1.5695625,-4.363875
25.626437499999998,27.928,8.180875
36.645624999999995,13.526375000000002,17.599375000000002
22.268625,-2.6935,10.019250000000001
33.691875,6.4869375,18.699749999999998
17.598,3.530125,4.665375
16.1856875,1.9185625,-5.7765
6.8745625,11.199562499999999,-8.5301875
37.749875,-2.918625,-1.707875
38.1565625,-1.03203125,0.39925
31.926625,7.24775,19.9015
14.94025,25.554625,8.6189375
28.9635,13.025,-0.1755
26.337249999999997,22.600875000000002,-0.38575000000000004
32.705749999999995,15.99125,14.9575
14.152625,18.43375,-8.0381875
30.9165,2.79075,15.9974375
37.551500000000004,3.3565,8.72025
26.2475,14.331937499999999,16.189
32.536125000000006,5.0790625,14.356718749999999
33.2736875,-1.940875,-2.4503125
21.8075,9.614249999999998,14.404375
27.35275,-5.94175,0.047000000000000014
24.37634375,30.33775,-7.1728749999999994
36.244937500000006,7.798,11.625125
24.8928125,22.765875,-0.90625
20.529,-4.213625,7.946249999999999
24.551000000000002,21.89,1.2255
30.766718750000003,-7.11390625,-2.1830625
32.621,16.0825,13.75
23.12475,20.76234375,-4.95796875
23.82775,13.001750000000001,9.38375
15.776,14.116,-4.023
30.131875,-4.106249999999999,6.5471875
16.45325,25.322625,-7.333375
29.0029375,-4.64734375,-4.677375
20.887,31.267000000000003,4.8405000000000005
15.740937500000001,24.9280625,-6.27125
13.227328125,22.304859375,-10.011109375
13.561875,30.3380625,5.3389375
27.6484375,1.29890625,9.55765625
19.514499999999998,22.841,-6.833
21.08075,16.823875,-12.20575
18.51475,1.8595,4.47225
14.6111875,16.736312499999997,-3.875
23.0215625,19.7465625,-2.7884374999999997
25.4095,9.816937500000002,8.029375
31.767281250000003,13.55290625,18.963156249999997
25.136312500000003,-5.265375,6.7338125
31.51025,0.42200000000000004,11.418499999999998
16.2259375,8.15315625,3.23678125
23.3246875,8.370437500000001,5.33625
24.124593750000003,15.6494375,-7.45696875
27.954812500000003,-4.1826875,7.7199374999999995
28.3095,30.0156875,-4.464
33.708999999999996,3.834625,2.588
5.91184375,14.42284375,-11.35840625
25.67853125,24.60021875,2.10253125
18.3861875,24.07784375,9.50371875
11.444968750000001,21.25609375,-3.38328125
26.1280625,12.476187500000002,15.010000000000002
19.543374999999997,13.4973125,7.143437499999999
26.732125,27.809874999999998,-6.710875
35.82721875,-1.12025,-0.8981250000000001
28.308999999999997,2.6185,12.032499999999999
21.621,2.6005000000000003,10.592500000000001
21.41725,31.0413125,7.194374999999999
20.993499999999997,17.36775,-10.1995
5.97025,19.33234375,-9.97503125
41.26159375,-5.49953125,2.44459375
33.6109375,2.8858125,-4.40703125
19.2745,1.3225,-7.663
20.9338125,0.19253125,-6.6310625
24.96996875,1.7291875,-6.21221875
29.6465625,-5.677250000000001,-3.1151875
33.794875000000005,11.900500000000001,4.63075
18.7995625,10.088437500000001,3.2588125000000003
19.085625,26.780250000000002,-1.21875
33.8545,0.16040625,-3.05140625
15.62728125,16.011218749999998,-13.850437499999998
14.646374999999999,6.295249999999999,-4.25775
15.018875000000001,5.274125,-9.710125
27.82025,-4.6495,3.5626875
35.829875,12.869125,11.3723125
25.492906249999997,24.44096875,5.51584375
13.46446875,17.6714375,3.25090625
19.713437500000005,8.1215625,4.02025
28.738656250000002,9.23721875,-4.17303125
10.12921875,21.3548125,-8.161406249999999
11.851125,28.2580625,5.805562500000001
32.05975,23.778062499999997,10.581062500000002
32.300906250000004,1.7735625,15.375843750000001
10.1865625,9.1551875,-8.026812500000002
23.5805,0.551625,-6.321875
10.1355625,25.944812499999998,2.0454999999999997
26.460500000000003,-1.732875,-5.34225
17.091749999999998,23.901,8.840250000000001
25.05921875,8.17846875,-4.9708125
22.658875000000002,4.1033125,-6.4570625
28.029,23.81425,-0.45125
18.0548125,3.79875,8.369
27.769750000000002,27.496562500000003,-3.1676875
9.687999999999999,22.730062500000003,4.2618125
10.43125,22.8805,-0.824875
16.7365,1.5285000000000002,-4.5045
25.523,28.42475,-1.052
7.2610624999999995,15.22521875,-7.22634375
8.36515625,17.616968749999998,-11.5339375
15.028500000000001,19.3415,7.6085
18.37475,6.2701875000000005,7.9339375
33.762249999999995,15.8021875,15.163062499999999
9.824874999999999,16.70775,-5.108625
30.210218750000003,0.52021875,-6.4945
36.161375,14.0671875,16.145625
25.113437500000003,13.366,9.0959375
19.926,31.079,5.302
31.0560625,0.6810625,12.610624999999999
34.53825,2.931875,8.3929375
14.561499999999999,28.165875,6.545999999999999
22.32275,28.2914375,0.238125
12.0248125,12.469874999999998,-13.8598125
20.1005,17.787,-12.5545
19.56340625,21.841625,11.37203125
16.152,30.1213125,-0.0028124999999999956
28.31375,21.018,7.243
35.194500000000005,10.0394375,12.374500000000001
22.860875,13.409625,-11.2065
22.68503125,-1.5971562499999998,11.182343750000001
20.23421875,27.595999999999997,0.20371874999999998
36.3104375,18.721,11.719000000000001
9.037749999999999,17.73525,-6.2048125
24.72325,25.4565,-5.3955
25.325203125,30.106328125,-8.5264375
20.747999999999998,28.7629375,0.9252499999999999
19.652437499999998,0.7937812500000001,9.87346875
35.0033125,17.8298125,8.251125
14.812999999999999,17.363999999999997,6.7375
22.657062500000002,11.7514375,12.4044375
36.1581875,3.7289375000000002,10.5729375
10.825,8.568249999999999,-11.28425
28.51578125,28.2563125,-6.93259375
27.440312499999997,20.579187500000003,2.210375
34.361000000000004,-7.29034375,0.53671875
23.336375,18.5795,-1.5176875
18.2776875,16.6895,0.76725
13.15359375,10.783875,-0.35231250000000003
34.58,17.101999999999997,12.714500000000001
36.946999999999996,2.17825,8.99625
33.3755,-6.048,5.008
26.639875,15.709703125,16.023015625
22.925968750000003,30.661468749999997,0.5547656249999999
32.425,-5.845,4.374
23.47175,31.642875,2.2261249999999997
25.170749999999998,18.317,-3.12125
23.816478141974784,10.3163603444303,16.444293873034336
31.41969208884487,-4.351537823236682,6.153539111536378
32.754000000000005,5.982749999999999,-2.7880000000000003
34.26049999999999,13.20675,5.812
11.283,7.957,-10.494
32.95758263676423,17.034966569037824,13.116029086770295
11.557022655108673,23.09315428607171,-7.237979180024274
