patch_ind,atom_ind,res_ind,atom_name,residue_name,chain_id,dist,iface_label,start_res
0,450,35,CG1,VAL,D,1.8807864066600972,0.0,5
1,759,55,CD1,LEU,D,1.7372576816602243,0.0,5
2,198,19,CB,PHE,D,2.224599468484339,0.0,5
3,367,30,CG,ARG,D,1.730661793953586,0.0,5
4,724,53,N,LEU,D,2.1318180183014532,0.0,5
5,76,11,CA,GLY,D,1.9661734036482463,1.0,5
6,880,63,CG,PRO,D,1.9541672253906004,0.0,5
7,201,19,CD2,PHE,D,1.728283601359805,0.0,5
8,121,14,CG1,VAL,D,2.173528031402514,0.0,5
9,695,50,CB,SER,D,2.0842984653937924,0.0,5
10,604,44,OE1,GLU,D,1.7368716440955072,0.0,5
11,866,62,OG1,THR,D,1.80441109942437,0.0,5
12,892,64,O,ALA,D,1.7300112351054924,0.0,5
13,799,57,OE2,GLU,D,1.661852241915054,0.0,5
14,796,57,CG,GLU,D,2.372783987546689,0.0,5
15,450,35,CG1,VAL,D,1.7228061358804638,0.0,5
16,220,20,CG2,VAL,D,1.8807500014665592,0.0,5
17,880,63,CG,PRO,D,1.79554780270932,0.0,5
18,180,18,O,GLN,D,1.8205172381678638,0.0,5
19,866,62,OG1,THR,D,2.0041385926579767,0.0,5
20,481,37,NH1,ARG,D,1.5988103519507597,0.0,5
21,477,37,CG,ARG,D,2.1239389172733536,0.0,5
22,240,22,N,GLY,D,1.743778288832949,0.0,5
23,671,49,CB,ARG,D,2.133934961901864,0.0,5
24,71,10,O,GLY,D,1.6581374176850718,1.0,5
25,392,31,CD,PRO,D,2.4822507492328465,0.0,5
26,254,23,OD2,ASP,D,1.373326615831032,0.0,5
27,316,27,CD1,TYR,D,2.041597988302851,0.0,5
28,1,5,CA,SER,D,2.0937807213222674,0.0,5
29,655,48,CE1,PHE,D,1.7148968621652012,1.0,5
30,262,24,O,ARG,D,1.3994430886690652,0.0,5
31,844,60,O,CYS,D,1.3657021658165336,0.0,5
32,319,27,CE2,TYR,D,1.8346778111742301,0.0,5
33,655,48,CE1,PHE,D,1.8358739396308112,1.0,5
34,677,49,NH2,ARG,D,2.0145511268043057,0.0,5
35,538,40,NE,ARG,D,2.014932300609096,0.0,5
36,319,27,CE2,TYR,D,1.7090039357788418,0.0,5
37,807,58,CA,THR,D,1.9743047869993458,0.0,5
38,404,32,CB,ALA,D,2.393144726770721,0.0,5
39,202,19,CE1,PHE,D,1.6632078416328784,0.0,5
40,587,43,CG2,VAL,D,2.471724282350949,1.0,5
41,149,16,OG1,THR,D,1.6958609153482664,0.0,5
42,15,6,CG,GLU,D,1.979661574975718,0.0,5
43,503,38,NE,ARG,D,1.4695778816425344,0.0,5
44,68,10,N,GLY,D,1.7307485379689416,1.0,5
45,12,6,C,GLU,D,1.739711203669385,0.0,5
46,83,12,CA,GLU,D,1.8953941620667074,1.0,5
47,401,32,CA,ALA,D,1.945043192240517,0.0,5
48,356,29,OG,SER,D,1.4306161639895876,0.0,5
49,744,54,CA,ALA,D,1.9471966175415012,0.0,5
50,799,57,OE2,GLU,D,1.4002511308020447,0.0,5
51,642,47,SG,CYS,D,2.052230600711202,1.0,5
52,139,15,OD2,ASP,D,1.969877321235362,0.0,5
53,145,16,CA,THR,D,2.0727367500960305,0.0,5
54,880,63,CG,PRO,D,2.1681649545635224,0.0,5
55,713,52,CA,ASP,D,2.126490017801441,0.0,5
56,880,63,CG,PRO,D,2.0944254962628173,0.0,5
57,695,50,CB,SER,D,2.265531242039215,0.0,5
58,220,20,CG2,VAL,D,2.1474069668099975,0.0,5
59,430,34,NH1,ARG,D,1.7731529903427765,0.0,5
60,62,9,CB,CYS,D,1.7356459787114127,1.0,5
61,812,58,CG2,THR,D,1.8179828838857175,0.0,5
62,90,12,OE2,GLU,D,1.7108813531567297,0.0,5
63,400,32,N,ALA,D,2.06298627479761,0.0,5
64,389,31,O,PRO,D,2.4946943388171823,0.0,5
65,757,55,CB,LEU,D,2.0462443877145873,0.0,5
66,5,5,OG,SER,D,1.9659489269211923,0.0,5
67,150,16,CG2,THR,D,2.042765196475969,0.0,5
68,480,37,CZ,ARG,D,1.7152670669993249,0.0,5
69,505,38,NH1,ARG,D,1.598762581830462,0.0,5
70,217,20,O,VAL,D,1.3610924770323676,0.0,5
71,867,62,CG2,THR,D,1.8961096899174623,0.0,5
72,61,9,O,CYS,D,1.804767912263751,1.0,5
73,731,53,CD2,LEU,D,2.1669314996668607,0.0,5
74,866,62,OG1,THR,D,1.353629864038656,0.0,5
75,694,50,O,SER,D,2.2321768620982003,0.0,5
76,730,53,CD1,LEU,D,2.5101304048349595,0.0,5
77,252,23,CG,ASP,D,1.7152644084210809,0.0,5
78,757,55,CB,LEU,D,2.195814238534528,0.0,5
79,370,30,CZ,ARG,D,1.7112979853502954,0.0,5
80,404,32,CB,ALA,D,2.063523747375295,0.0,5
81,648,48,CA,PHE,D,2.2537801734051652,0.0,5
82,475,37,O,ARG,D,1.3754942519617719,0.0,5
83,313,27,O,TYR,D,1.6825959369741335,0.0,5
84,674,49,NE,ARG,D,2.096486661676212,0.0,5
85,77,11,C,GLY,D,1.848494097758147,1.0,5
86,76,11,CA,GLY,D,1.9559368439476426,1.0,5
87,797,57,CD,GLU,D,1.8489841965935614,0.0,5
88,876,63,CA,PRO,D,1.891371214678261,0.0,5
89,476,37,CB,ARG,D,2.152247197142883,0.0,5
90,844,60,O,CYS,D,2.2411910156215678,0.0,5
91,538,40,NE,ARG,D,1.5129688820059577,1.0,5
92,496,38,N,ARG,D,2.0956264300370124,0.0,5
93,247,23,N,ASP,D,1.8328900806868664,0.0,5
94,25,7,N,THR,D,1.598630416358478,0.0,5
95,372,30,NH2,ARG,D,1.6058895741094548,0.0,5
96,150,16,CG2,THR,D,2.200986630916835,0.0,5
97,558,41,O,GLY,D,1.6940515108170546,0.0,5
98,355,29,CB,SER,D,1.8101357855846032,0.0,5
99,728,53,CB,LEU,D,1.9828427061500467,0.0,5
100,670,49,O,ARG,D,1.3379075910567053,0.0,5
101,586,43,CG1,VAL,D,1.9883194795823336,1.0,5
102,642,47,SG,CYS,D,2.1169260187292487,1.0,5
103,716,52,CB,ASP,D,1.994152097344386,0.0,5
104,220,20,CG2,VAL,D,2.2278928787525296,0.0,5
105,83,12,CA,GLU,D,2.2282273124773444,0.0,5
106,893,64,CB,ALA,D,1.9657975200264943,0.0,5
107,795,57,CB,GLU,D,1.7883796467778488,0.0,5
108,794,57,O,GLU,D,2.0196155510339397,0.0,5
109,14,6,CB,GLU,D,2.3833307629713003,0.0,5
110,651,48,CB,PHE,D,2.6817646375718645,1.0,5
111,728,53,CB,LEU,D,2.1697160279320906,0.0,5
112,182,18,CG,GLN,D,2.1780755473106206,0.0,5
113,250,23,O,ASP,D,1.4739578252563224,0.0,5
114,203,19,CE2,PHE,D,2.217273673159072,0.0,5
115,880,63,CG,PRO,D,2.4685068445152427,0.0,5
116,584,43,O,VAL,D,2.5263523006660322,1.0,5
117,563,42,CA,ILE,D,2.5411134443730448,0.0,5
118,268,24,NH1,ARG,D,1.5727728346424996,0.0,5
119,252,23,CG,ASP,D,1.851399178131412,0.0,5
120,122,14,CG2,VAL,D,1.787482788264543,0.0,5
121,30,7,OG1,THR,D,1.3580137771312097,0.0,5
122,253,23,OD1,ASP,D,1.4836996337556756,0.0,5
123,183,18,CD,GLN,D,1.7152606019584953,0.0,5
124,893,64,CB,ALA,D,1.9701794262851204,0.0,5
125,391,31,CG,PRO,D,2.1742713870623858,0.0,5
126,878,63,O,PRO,D,1.8652558095289977,0.0,5
127,656,48,CE2,PHE,D,2.37479266934968,1.0,5
128,368,30,CD,ARG,D,1.7952035462229552,0.0,5
129,812,58,CG2,THR,D,2.0987666169561447,0.0,5
130,389,31,O,PRO,D,1.6551727282673434,0.0,5
131,427,34,CD,ARG,D,2.0349822600189587,0.0,5
132,203,19,CE2,PHE,D,1.7261477970226433,0.0,5
133,604,44,OE1,GLU,D,1.3505376230216166,0.0,5
134,893,64,CB,ALA,D,1.8324297639265146,0.0,5
135,135,15,O,ASP,D,1.7900086215225166,0.0,5
136,696,50,OG,SER,D,1.7443234339423488,0.0,5
137,855,61,CB,ALA,D,2.239706836564735,0.0,5
138,390,31,CB,PRO,D,2.1843742770434535,0.0,5
139,404,32,CB,ALA,D,2.1732078702149407,0.0,5
140,863,62,C,THR,D,1.65959794789203,0.0,5
141,138,15,OD1,ASP,D,1.490782053394237,0.0,5
142,724,53,N,LEU,D,1.819921861758959,0.0,5
143,371,30,NH1,ARG,D,1.9384846133521403,0.0,5
144,798,57,OE1,GLU,D,2.585919607549791,0.0,5
145,243,22,O,GLY,D,1.3670164992147291,0.0,5
146,4,5,CB,SER,D,1.969517398421369,0.0,5
147,13,6,O,GLU,D,2.076328268779182,0.0,5
148,466,36,OG,SER,D,1.892418070804868,0.0,5
149,867,62,CG2,THR,D,1.836466737811329,0.0,5
150,250,23,O,ASP,D,1.3664467726972678,0.0,5
151,812,58,CG2,THR,D,1.8337514227676468,0.0,5
152,262,24,O,ARG,D,1.3491126551067296,0.0,5
153,477,37,CG,ARG,D,2.1482685967456607,0.0,5
154,477,37,CG,ARG,D,2.1927457366599516,0.0,5
155,299,26,CE2,PHE,D,2.0169117169640396,0.0,5
156,68,10,N,GLY,D,1.8708986720815948,1.0,5
157,796,57,CG,GLU,D,2.5609588515636195,0.0,5
158,866,62,OG1,THR,D,1.5331032157873727,0.0,5
159,250,23,O,ASP,D,1.8225885928253098,0.0,5
160,90,12,OE2,GLU,D,1.8810852045311766,0.0,5
161,404,32,CB,ALA,D,2.0843474375376005,0.0,5
162,655,48,CE1,PHE,D,2.1746344904356856,1.0,5
163,0,5,N,SER,D,1.507970312739537,0.0,5
164,17,6,OE1,GLU,D,1.330829344536061,0.0,5
165,254,23,OD2,ASP,D,1.3308296965894257,0.0,5
166,695,50,CB,SER,D,2.298877846074953,0.0,5
167,321,27,OH,TYR,D,1.66984623340759,0.0,5
168,798,57,OE1,GLU,D,1.8976247631952698,0.0,5
169,812,58,CG2,THR,D,2.150553227087796,0.0,5
170,266,24,NE,ARG,D,2.1717815649542893,0.0,5
171,431,34,NH2,ARG,D,1.567419126521324,0.0,5
172,481,37,NH1,ARG,D,2.164709165329846,0.0,5
173,891,64,C,ALA,D,1.711307251394354,0.0,5
174,811,58,OG1,THR,D,1.9280064771800862,0.0,5
175,268,24,NH1,ARG,D,2.0187704366646035,0.0,5
176,184,18,OE1,GLN,D,1.3416663548285368,0.0,5
177,265,24,CD,ARG,D,2.2265453056064355,0.0,5
178,18,6,OE2,GLU,D,1.4003142160338753,0.0,5
179,499,38,O,ARG,D,2.2285413145568116,0.0,5
180,893,64,CB,ALA,D,2.174214699795295,0.0,5
181,356,29,OG,SER,D,1.9870200410422096,0.0,5
182,82,12,N,GLU,D,1.5355045589051284,1.0,5
183,811,58,OG1,THR,D,1.8718006140737389,0.0,5
184,180,18,O,GLN,D,1.358271086663433,0.0,5
185,892,64,O,ALA,D,1.4487708500896503,0.0,5
186,472,37,N,ARG,D,2.1361237864881937,0.0,5
187,864,62,O,THR,D,1.461807233685066,0.0,5
188,180,18,O,GLN,D,2.3869736664903423,0.0,5
189,351,29,N,SER,D,2.2465646597299886,0.0,5
190,705,51,O,CYS,D,1.3624068331015553,0.0,5
191,482,37,NH2,ARG,D,2.099888335871408,0.0,5
192,28,7,O,THR,D,1.3071613601852656,0.0,5
193,121,14,CG1,VAL,D,2.1586875314945897,0.0,5
194,677,49,NH2,ARG,D,2.0228371772241736,0.0,5
195,3,5,O,SER,D,1.6971426577723534,0.0,5
196,746,54,O,ALA,D,1.8732562101073635,0.0,5
197,30,7,OG1,THR,D,2.017449442271414,0.0,5
198,866,62,OG1,THR,D,1.7653631935816658,0.0,5
199,893,64,CB,ALA,D,1.8220535677887706,0.0,5
200,368,30,CD,ARG,D,2.7078835819659104,0.0,5
201,3,5,O,SER,D,1.3456338537644579,0.0,5
202,313,27,O,TYR,D,1.3319254603413941,0.0,5
203,451,35,CG2,VAL,D,1.7338846952746636,0.0,5
204,891,64,C,ALA,D,1.694334549870351,0.0,5
205,164,17,CD1,LEU,D,2.161545923320997,1.0,5
206,541,40,NH2,ARG,D,2.091462257656637,0.0,5
207,619,45,OE1,GLU,D,1.943896991269801,0.0,5
208,616,45,CB,GLU,D,2.1763110300769837,0.0,5
209,254,23,OD2,ASP,D,1.3515115498679446,0.0,5
210,586,43,CG1,VAL,D,2.282978163325439,1.0,5
211,451,35,CG2,VAL,D,2.1939389472020747,0.0,5
212,215,20,CA,VAL,D,2.166585576402278,0.0,5
213,389,31,O,PRO,D,1.9051627625920635,0.0,5
214,556,41,CA,GLY,D,2.1693892114929167,0.0,5
215,297,26,CD2,PHE,D,1.7205087740252898,0.0,5
216,466,36,OG,SER,D,1.9735345970755083,0.0,5
217,538,40,NE,ARG,D,1.9026713551545156,0.0,5
218,482,37,NH2,ARG,D,1.599676613809746,0.0,5
219,269,24,NH2,ARG,D,1.6004921432544494,0.0,5
220,677,49,NH2,ARG,D,1.6007949688585823,0.0,5
221,695,50,CB,SER,D,1.9883817393894394,0.0,5
222,61,9,O,CYS,D,1.3995060559872923,1.0,5
223,759,55,CD1,LEU,D,2.754711799703212,0.0,5
224,28,7,O,THR,D,1.6505337626436245,0.0,5
225,605,44,OE2,GLU,D,1.323165919272658,1.0,5
226,506,38,NH2,ARG,D,1.7047386020778745,0.0,5
227,217,20,O,VAL,D,1.4868480351733335,0.0,5
228,3,5,O,SER,D,1.4014100281132154,0.0,5
229,233,21,O,CYS,D,2.506191569904671,0.0,5
230,356,29,OG,SER,D,1.5410620143200087,0.0,5
231,562,42,N,ILE,D,2.200223851502273,0.0,5
232,76,11,CA,GLY,D,2.1833469457610746,1.0,5
233,15,6,CG,GLU,D,1.983051504447633,0.0,5
234,121,14,CG1,VAL,D,2.206796947092716,0.0,5
235,878,63,O,PRO,D,1.6395052007829862,0.0,5
236,505,38,NH1,ARG,D,2.079368498034945,0.0,5
237,367,30,CG,ARG,D,2.0850624637010267,0.0,5
238,299,26,CE2,PHE,D,1.7135800962286776,0.0,5
239,618,45,CD,GLU,D,1.6932281292944433,0.0,5
240,184,18,OE1,GLN,D,1.3279472699432413,0.0,5
241,401,32,CA,ALA,D,2.0712139400811442,0.0,5
242,879,63,CB,PRO,D,1.9940372532136066,0.0,5
243,893,64,CB,ALA,D,2.1665084326166864,0.0,5
244,676,49,NH1,ARG,D,2.0121974648332897,0.0,5
245,676,49,NH1,ARG,D,1.5718605372073258,0.0,5
246,82,12,N,GLU,D,2.0993237681847434,1.0,5
247,465,36,CB,SER,D,1.9541333533101999,0.0,5
248,852,61,CA,ALA,D,2.3881988216736096,0.0,5
249,217,20,O,VAL,D,1.7163324601250036,0.0,5
250,450,35,CG1,VAL,D,1.6961948446950377,0.0,5
251,367,30,CG,ARG,D,2.1474343592060627,0.0,5
252,217,20,O,VAL,D,1.5249681821439338,0.0,5
253,14,6,CB,GLU,D,2.188640780546573,0.0,5
254,799,57,OE2,GLU,D,1.3491512915420876,0.0,5
255,892,64,O,ALA,D,1.3342334928635695,0.0,5
256,605,44,OE2,GLU,D,1.3346224416184091,1.0,5
257,104,13,CD2,LEU,D,2.432502847085311,1.0,5
258,269,24,NH2,ARG,D,1.572019993275328,0.0,5
259,759,55,CD1,LEU,D,2.1687879908842302,0.0,5
260,89,12,OE1,GLU,D,1.3694615070043963,0.0,5
261,352,29,CA,SER,D,1.9557283579779006,0.0,5
262,812,58,CG2,THR,D,1.7608119741135944,0.0,5
263,655,48,CE1,PHE,D,1.7604701515519339,1.0,5
264,811,58,OG1,THR,D,2.023003228096097,0.0,5
265,122,14,CG2,VAL,D,2.1576376040938836,0.0,5
266,879,63,CB,PRO,D,2.078285264525429,0.0,5
267,247,23,N,ASP,D,2.1642857902514914,0.0,5
268,372,30,NH2,ARG,D,1.5592432844878739,0.0,5
269,505,38,NH1,ARG,D,1.5589402926887566,0.0,5
270,810,58,CB,THR,D,1.8793354889321583,0.0,5
271,217,20,O,VAL,D,1.7202342307281342,0.0,5
272,404,32,CB,ALA,D,1.7604782612630303,0.0,5
273,1,5,CA,SER,D,2.0802038405581,0.0,5
274,5,5,OG,SER,D,2.144709562451797,0.0,5
275,657,48,CZ,PHE,D,1.7594287736164198,1.0,5
276,265,24,CD,ARG,D,2.4476997865813166,0.0,5
277,89,12,OE1,GLU,D,2.5179944073715768,0.0,5
278,17,6,OE1,GLU,D,1.3341465960582044,0.0,5
279,605,44,OE2,GLU,D,1.450125451314806,1.0,5
280,428,34,NE,ARG,D,2.3562549813540987,0.0,5
281,138,15,OD1,ASP,D,2.060384916662106,0.0,5
282,864,62,O,THR,D,1.7735253508557327,0.0,5
283,202,19,CE1,PHE,D,1.758428406689467,0.0,5
284,807,58,CA,THR,D,2.1688100036168385,0.0,5
285,696,50,OG,SER,D,2.077138715086326,0.0,5
286,404,32,CB,ALA,D,1.7580522098351454,0.0,5
287,76,11,CA,GLY,D,2.094149285253326,1.0,5
288,319,27,CE2,TYR,D,1.7400047350195809,0.0,5
289,30,7,OG1,THR,D,1.900610868351417,0.0,5
290,448,35,O,VAL,D,1.4586873395256854,0.0,5
291,204,19,CZ,PHE,D,1.9903639760742722,0.0,5
292,557,41,C,GLY,D,1.7845191102023452,0.0,5
293,730,53,CD1,LEU,D,2.2033824845674967,0.0,5
294,197,19,O,PHE,D,1.7141382213079377,0.0,5
295,320,27,CZ,TYR,D,1.7496348705612264,0.0,5
296,731,53,CD2,LEU,D,2.1999812031093597,0.0,5
297,4,5,CB,SER,D,1.832994095690343,0.0,5
298,479,37,NE,ARG,D,2.0021530354127024,0.0,5
299,5,5,OG,SER,D,1.4203432088074837,0.0,5
300,220,20,CG2,VAL,D,2.2149357926326907,0.0,5
301,89,12,OE1,GLU,D,1.8569806420895936,1.0,5
302,675,49,CZ,ARG,D,1.699456910245394,0.0,5
303,586,43,CG1,VAL,D,2.153951918191614,1.0,5
304,366,30,CB,ARG,D,2.495572423875262,0.0,5
305,481,37,NH1,ARG,D,1.908577704851369,0.0,5
306,4,5,CB,SER,D,2.1943572438607677,0.0,5
307,716,52,CB,ASP,D,2.2063258983639726,0.0,5
308,889,64,N,ALA,D,2.12842285955982,0.0,5
309,502,38,CD,ARG,D,2.170236456448334,0.0,5
310,46,8,CD2,LEU,D,2.0283331940294738,0.0,5
311,372,30,NH2,ARG,D,1.725678419883353,0.0,5
312,431,34,NH2,ARG,D,2.069539386822801,0.0,5
313,481,37,NH1,ARG,D,2.0124516569297457,0.0,5
314,268,24,NH1,ARG,D,2.0535044670939664,0.0,5
315,320,27,CZ,TYR,D,1.6973192041271536,0.0,5
316,640,47,O,CYS,D,1.9643132185879313,0.0,5
317,794,57,O,GLU,D,1.8400795181905774,0.0,5
318,62,9,CB,CYS,D,1.9816864307920656,0.0,5
319,371,30,NH1,ARG,D,1.5986080312402093,0.0,5
320,465,36,CB,SER,D,1.6720853356057752,0.0,5
321,135,15,O,ASP,D,2.3210619014535636,0.0,5
322,62,9,CB,CYS,D,2.2099257408490764,1.0,5
323,139,15,OD2,ASP,D,1.314225455482143,0.0,5
324,541,40,NH2,ARG,D,2.013299260806373,0.0,5
325,505,38,NH1,ARG,D,2.230460700302384,0.0,5
326,650,48,O,PHE,D,1.999466973475848,0.0,5
327,673,49,CD,ARG,D,2.2081648523013397,0.0,5
328,369,30,NE,ARG,D,1.7862382126769105,0.0,5
329,601,44,CB,GLU,D,2.1792076691488536,1.0,5
330,541,40,NH2,ARG,D,2.061744112870417,0.0,5
331,268,24,NH1,ARG,D,2.3803983751682596,0.0,5
332,863,62,C,THR,D,2.0105482153499326,0.0,5
333,403,32,O,ALA,D,2.1100563981152334,0.0,5
334,558,41,O,GLY,D,1.9033438890170826,0.0,5
335,30,7,OG1,THR,D,2.0391330716586635,0.0,5
336,253,23,OD1,ASP,D,1.6507312880326275,0.0,5
337,505,38,NH1,ARG,D,1.983279361780075,0.0,5
338,476,37,CB,ARG,D,2.151850085920093,0.0,5
339,355,29,CB,SER,D,1.80842120791788,0.0,5
340,367,30,CG,ARG,D,2.047210127247426,0.0,5
341,619,45,OE1,GLU,D,1.452235933536913,0.0,5
342,28,7,O,THR,D,1.4670189299320255,0.0,5
343,30,7,OG1,THR,D,1.6491898414371984,0.0,5
344,617,45,CG,GLU,D,2.2443697026522753,0.0,5
345,202,19,CE1,PHE,D,1.9467862398566953,0.0,5
346,372,30,NH2,ARG,D,1.6570113555909214,0.0,5
347,602,44,CG,GLU,D,2.618625220536301,1.0,5
348,135,15,O,ASP,D,2.2169428874286945,0.0,5
349,893,64,CB,ALA,D,2.0043430208485424,0.0,5
350,500,38,CB,ARG,D,2.184178764745491,0.0,5
351,372,30,NH2,ARG,D,2.062098876777108,0.0,5
352,250,23,O,ASP,D,1.6494780485812313,0.0,5
353,202,19,CE1,PHE,D,1.7920633867231799,0.0,5
354,149,16,OG1,THR,D,1.8727036795611434,0.0,5
355,556,41,CA,GLY,D,1.9772174153815434,0.0,5
356,506,38,NH2,ARG,D,1.9321036969890666,0.0,5
357,448,35,O,VAL,D,1.6185304241488958,0.0,5
358,411,33,CA,SER,D,2.0085510898668826,0.0,5
359,250,23,O,ASP,D,1.2963859134689837,0.0,5
360,104,13,CD2,LEU,D,1.9051144589258626,1.0,5
361,795,57,CB,GLU,D,2.0101063981749245,0.0,5
362,650,48,O,PHE,D,1.7641482781460218,0.0,5
363,5,5,OG,SER,D,1.9060161463762455,0.0,5
364,313,27,O,TYR,D,1.666853582028799,0.0,5
365,321,27,OH,TYR,D,1.5086782649402348,0.0,5
366,260,24,CA,ARG,D,2.140438126427072,0.0,5
367,505,38,NH1,ARG,D,1.9651567680492132,0.0,5
368,45,8,CD1,LEU,D,2.2059241456530803,0.0,5
369,876,63,CA,PRO,D,2.025503052814615,0.0,5
370,75,11,N,GLY,D,2.081493257930039,1.0,5
371,502,38,CD,ARG,D,2.142655841899846,0.0,5
372,390,31,CB,PRO,D,1.9316601242526308,0.0,5
373,3,5,O,SER,D,1.2908131675840737,0.0,5
374,18,6,OE2,GLU,D,1.279586461889758,0.0,5
375,478,37,CD,ARG,D,2.1560998750434814,0.0,5
376,505,38,NH1,ARG,D,1.7955515071374637,0.0,5
377,864,62,O,THR,D,1.3715749474594314,0.0,5
378,204,19,CZ,PHE,D,2.097413370027287,0.0,5
379,653,48,CD1,PHE,D,1.739754294575331,1.0,5
380,539,40,CZ,ARG,D,1.7401835687029057,0.0,5
381,415,33,OG,SER,D,1.7682014196386213,0.0,5
382,875,63,N,PRO,D,1.7775578272430739,0.0,5
383,864,62,O,THR,D,1.8376285639548755,0.0,5
384,536,40,CG,ARG,D,2.586551490927609,0.0,5
385,478,37,CD,ARG,D,2.1084830035824997,0.0,5
386,354,29,O,SER,D,1.804515896365809,0.0,5
387,403,32,O,ALA,D,1.818134558927141,0.0,5
388,716,52,CB,ASP,D,1.8558753347157224,0.0,5
389,356,29,OG,SER,D,1.8102754681269535,0.0,5
390,414,33,CB,SER,D,1.8166957291742565,0.0,5
391,670,49,O,ARG,D,1.427402106766533,0.0,5
392,778,56,CD1,LEU,D,2.038823206891347,0.0,5
393,876,63,CA,PRO,D,1.823385535627465,0.0,5
394,794,57,O,GLU,D,1.8065828823463652,0.0,5
395,371,30,NH1,ARG,D,1.691829970927079,0.0,5
396,538,40,NE,ARG,D,1.6287116991497945,0.0,5
397,502,38,CD,ARG,D,1.985951187650944,0.0,5
398,478,37,CD,ARG,D,1.7408131443964372,0.0,5
399,144,16,N,THR,D,1.8646603948881373,0.0,5
400,731,53,CD2,LEU,D,1.9222993730458946,0.0,5
401,760,55,CD2,LEU,D,2.1239529457386834,0.0,5
402,185,18,NE2,GLN,D,2.056741482372,0.0,5
403,46,8,CD2,LEU,D,1.878636139559691,0.0,5
404,472,37,N,ARG,D,2.0762618577413434,0.0,5
405,541,40,NH2,ARG,D,1.9768878154761647,0.0,5
406,316,27,CD1,TYR,D,2.0525517286347688,0.0,5
407,297,26,CD2,PHE,D,2.243133503866282,0.0,5
408,76,11,CA,GLY,D,1.802224018730491,1.0,5
409,640,47,O,CYS,D,1.9859174333990055,1.0,5
410,743,54,N,ALA,D,1.688485522117355,0.0,5
411,695,50,CB,SER,D,2.217080269365027,0.0,5
412,313,27,O,TYR,D,1.541891708568443,0.0,5
413,62,9,CB,CYS,D,2.3973528124027683,1.0,5
414,880,63,CG,PRO,D,1.82800776397663,0.0,5
415,198,19,CB,PHE,D,2.002976417103855,0.0,5
416,264,24,CG,ARG,D,2.280082089597058,0.0,5
417,182,18,CG,GLN,D,2.1674294026495,0.0,5
418,150,16,CG2,THR,D,1.724717492965045,0.0,5
419,370,30,CZ,ARG,D,1.7921845470334765,0.0,5
420,717,52,CG,ASP,D,1.649267746006546,0.0,5
421,448,35,O,VAL,D,1.3394087554523124,0.0,5
422,337,28,CD1,PHE,D,2.1991525285996003,0.0,5
423,17,6,OE1,GLU,D,1.372911772361258,0.0,5
424,90,12,OE2,GLU,D,2.202238632552363,0.0,5
425,392,31,CD,PRO,D,2.385439920524891,0.0,5
426,746,54,O,ALA,D,1.8961328887321622,0.0,5
427,3,5,O,SER,D,2.1228772320694973,0.0,5
428,619,45,OE1,GLU,D,1.6503361851198086,1.0,5
429,831,59,OH,TYR,D,1.370839459294402,1.0,5
430,28,7,O,THR,D,1.5005440974887558,0.0,5
431,670,49,O,ARG,D,1.9115285814252594,0.0,5
432,83,12,CA,GLU,D,2.2733082100283153,0.0,5
433,400,32,N,ALA,D,1.6963050946039222,0.0,5
434,101,13,CB,LEU,D,2.4284541107548945,1.0,5
435,807,58,CA,THR,D,2.16052066563733,0.0,5
436,2,5,C,SER,D,2.213212848466117,0.0,5
437,586,43,CG1,VAL,D,1.7340616659749128,1.0,5
438,450,35,CG1,VAL,D,1.9755574526757285,0.0,5
439,612,45,N,GLU,D,1.960676923512134,0.0,5
440,730,53,CD1,LEU,D,1.962215607175506,0.0,5
441,651,48,CB,PHE,D,1.8808015705478758,1.0,5
442,602,44,CG,GLU,D,2.8691651975940977,1.0,5
443,122,14,CG2,VAL,D,1.9669111937719304,1.0,5
444,184,18,OE1,GLN,D,1.336684156631646,0.0,5
445,502,38,CD,ARG,D,1.7640664669540334,0.0,5
446,503,38,NE,ARG,D,1.6233413555364122,0.0,5
447,499,38,O,ARG,D,1.6705740347560616,0.0,5
448,300,26,CZ,PHE,D,1.8105955732367554,0.0,5
449,17,6,OE1,GLU,D,1.3779935026847312,0.0,5
450,122,14,CG2,VAL,D,1.9820994959274774,0.0,5
451,695,50,CB,SER,D,2.2918030083818848,0.0,5
452,525,39,OG,SER,D,2.5083742525746033,1.0,5
453,356,29,OG,SER,D,1.9398320327544119,0.0,5
454,618,45,CD,GLU,D,1.8464806662184363,0.0,5
455,696,50,OG,SER,D,2.1493667624360175,0.0,5
456,586,43,CG1,VAL,D,2.3251549668849636,1.0,5
457,354,29,O,SER,D,1.748761713263934,0.0,5
458,317,27,CD2,TYR,D,2.1053992497053313,0.0,5
459,557,41,C,GLY,D,1.8499990387159817,0.0,5
460,831,59,OH,TYR,D,2.193129586875234,1.0,5
461,297,26,CD2,PHE,D,1.8023682271371402,0.0,5
462,372,30,NH2,ARG,D,1.4447362722735035,0.0,5
463,654,48,CD2,PHE,D,1.683271376032075,1.0,5
464,861,62,N,THR,D,1.9662626223214499,0.0,5
465,366,30,CB,ARG,D,1.9496413923647524,0.0,5
466,653,48,CD1,PHE,D,2.088821552283908,1.0,5
467,812,58,CG2,THR,D,2.2255218906072534,0.0,5
468,392,31,CD,PRO,D,2.119745961202877,0.0,5
469,299,26,CE2,PHE,D,2.15122854069234,0.0,5
470,135,15,O,ASP,D,1.3349723950469063,0.0,5
471,299,26,CE2,PHE,D,1.9663726728969773,1.0,5
472,424,34,O,ARG,D,1.3188249197783113,1.0,5
473,728,53,CB,LEU,D,2.122520290887311,0.0,5
474,475,37,O,ARG,D,1.6643876397472228,0.0,5
475,30,7,OG1,THR,D,1.9853358146261888,0.0,5
476,602,44,CG,GLU,D,1.8630264427816707,1.0,5
477,730,53,CD1,LEU,D,2.037937261688684,0.0,5
478,889,64,N,ALA,D,2.105746156018955,0.0,5
479,500,38,CB,ARG,D,2.329991987087227,0.0,5
480,812,58,CG2,THR,D,1.801581051787956,0.0,5
481,14,6,CB,GLU,D,2.085811414926235,0.0,5
482,651,48,CB,PHE,D,2.215911646085198,0.0,5
483,58,9,N,CYS,D,1.7707287484478673,0.0,5
484,702,51,N,CYS,D,1.977413132531736,0.0,5
485,867,62,CG2,THR,D,1.750414636077271,0.0,5
486,262,24,O,ARG,D,1.934355637473908,0.0,5
487,63,9,SG,CYS,D,1.8796449902500911,1.0,5
488,556,41,CA,GLY,D,1.6901598443040442,0.0,5
489,844,60,O,CYS,D,2.015482681122034,0.0,5
490,893,64,CB,ALA,D,1.9116059839850756,0.0,5
491,600,44,O,GLU,D,2.34922389048382,1.0,5
492,866,62,OG1,THR,D,1.3460518647817248,0.0,5
493,321,27,OH,TYR,D,1.669885971878426,0.0,5
494,657,48,CZ,PHE,D,1.8023344211574084,1.0,5
495,605,44,OE2,GLU,D,1.504742710761473,1.0,5
496,538,40,NE,ARG,D,2.1622505788699944,0.0,5
497,476,37,CB,ARG,D,2.0655924712494107,0.0,5
498,82,12,N,GLU,D,1.8350259466625467,1.0,5
499,121,14,CG1,VAL,D,1.833921462361518,0.0,5
500,149,16,OG1,THR,D,1.4896661685637416,0.0,5
501,600,44,O,GLU,D,1.9426500758665741,1.0,5
502,759,55,CD1,LEU,D,2.0851710771790257,0.0,5
503,390,31,CB,PRO,D,1.8678357883565602,0.0,5
504,505,38,NH1,ARG,D,2.10269219638811,0.0,5
505,391,31,CG,PRO,D,1.8026497023769295,0.0,5
506,18,6,OE2,GLU,D,1.5063523612075824,0.0,5
507,892,64,O,ALA,D,1.8042514215529175,0.0,5
508,316,27,CD1,TYR,D,2.4850467739140463,0.0,5
509,728,53,CB,LEU,D,1.720610629323699,0.0,5
510,747,54,CB,ALA,D,1.750421673872788,0.0,5
511,558,41,O,GLY,D,1.900340511035578,0.0,5
512,718,52,OD1,ASP,D,1.9762107765946142,0.0,5
513,451,35,CG2,VAL,D,2.217909185961042,0.0,5
514,240,22,N,GLY,D,1.6860909544906875,0.0,5
515,601,44,CB,GLU,D,2.1576154127386054,1.0,5
516,879,63,CB,PRO,D,1.8674495970256166,0.0,5
517,448,35,O,VAL,D,1.9589330389626791,0.0,5
518,651,48,CB,PHE,D,2.1679996353694775,0.0,5
519,795,57,CB,GLU,D,2.472094760407506,0.0,5
520,248,23,CA,ASP,D,2.1968999418065662,0.0,5
521,673,49,CD,ARG,D,2.0076701794212837,0.0,5
522,150,16,CG2,THR,D,2.238391315704076,0.0,5
523,313,27,O,TYR,D,1.950261027781714,0.0,5
524,745,54,C,ALA,D,1.970388076064032,0.0,5
525,477,37,CG,ARG,D,2.1131907941270387,0.0,5
526,866,62,OG1,THR,D,1.8135880567889002,0.0,5
527,68,10,N,GLY,D,2.1195666686612142,1.0,5
528,586,43,CG1,VAL,D,2.1030363710071613,1.0,5
529,341,28,CZ,PHE,D,2.6183313112552726,0.0,5
530,499,38,O,ARG,D,1.6954281159139855,0.0,5
531,676,49,NH1,ARG,D,2.078545813611283,0.0,5
532,450,35,CG1,VAL,D,1.8679146826070119,0.0,5
533,424,34,O,ARG,D,1.5923983798333132,1.0,5
534,482,37,NH2,ARG,D,1.5998632490467146,0.0,5
535,233,21,O,CYS,D,2.5586604516920333,0.0,5
536,867,62,CG2,THR,D,2.0025570548834635,0.0,5
537,317,27,CD2,TYR,D,1.9639653989038215,0.0,5
538,69,10,CA,GLY,D,1.8859124203343178,1.0,5
539,465,36,CB,SER,D,2.125129185235815,0.0,5
540,696,50,OG,SER,D,1.9761291633897036,0.0,5
541,604,44,OE1,GLU,D,1.3192130060422205,0.0,5
542,503,38,NE,ARG,D,1.9880648562984733,0.0,5
543,59,9,CA,CYS,D,2.2435813681587384,1.0,5
544,705,51,O,CYS,D,1.9906630286586087,0.0,5
545,586,43,CG1,VAL,D,2.2005229144133565,1.0,5
546,676,49,NH1,ARG,D,2.045768031011684,0.0,5
547,217,20,O,VAL,D,1.9229635385767216,0.0,5
548,673,49,CD,ARG,D,2.191828092147805,0.0,5
549,499,38,O,ARG,D,1.531461627690546,0.0,5
550,250,23,O,ASP,D,1.9973063211279054,0.0,5
551,122,14,CG2,VAL,D,2.2397688804979903,1.0,5
552,182,18,CG,GLN,D,2.0700609324439383,0.0,5
553,250,23,O,ASP,D,2.1442698326803526,0.0,5
554,476,37,CB,ARG,D,1.7827152554217942,0.0,5
555,586,43,CG1,VAL,D,1.8397055629590435,1.0,5
556,63,9,SG,CYS,D,1.8003577844081804,1.0,5
557,371,30,NH1,ARG,D,1.5998660067576278,0.0,5
558,650,48,O,PHE,D,1.6746991259907495,0.0,5
559,451,35,CG2,VAL,D,1.8293661904560707,0.0,5
560,724,53,N,LEU,D,2.276731406790052,0.0,5
561,39,8,N,LEU,D,2.1331570153385737,0.0,5
562,677,49,NH2,ARG,D,1.5190293736166234,0.0,5
563,164,17,CD1,LEU,D,2.1858562833624267,1.0,5
564,356,29,OG,SER,D,1.962677943641491,0.0,5
565,892,64,O,ALA,D,1.4299358023083737,0.0,5
566,855,61,CB,ALA,D,2.306033985610444,0.0,5
567,217,20,O,VAL,D,1.4967787232433676,0.0,5
568,672,49,CG,ARG,D,2.1085203207602157,0.0,5
569,616,45,CB,GLU,D,2.5683284337132264,0.0,5
570,268,24,NH1,ARG,D,1.609118617293952,0.0,5
571,134,15,C,ASP,D,1.943912946816745,0.0,5
572,657,48,CZ,PHE,D,1.7771126791257266,1.0,5
573,881,63,CD,PRO,D,2.427428279273985,0.0,5
574,719,52,OD2,ASP,D,1.5186326815155096,0.0,5
575,719,52,OD2,ASP,D,1.9922372005167313,0.0,5
576,122,14,CG2,VAL,D,2.2133094108239533,1.0,5
577,243,22,O,GLY,D,1.9586077078370996,0.0,5
578,601,44,CB,GLU,D,1.9305770655590777,0.0,5
579,414,33,CB,SER,D,1.7631202298464954,0.0,5
580,425,34,CB,ARG,D,2.153846050431043,1.0,5
581,63,9,SG,CYS,D,2.300479851357723,0.0,5
582,724,53,N,LEU,D,1.801972488034411,0.0,5
583,284,25,CA,GLY,D,1.8107574574479992,0.0,5
584,431,34,NH2,ARG,D,1.9760212015613783,0.0,5
585,479,37,NE,ARG,D,1.838425505227822,0.0,5
586,656,48,CE2,PHE,D,1.8530981488207798,1.0,5
587,14,6,CB,GLU,D,2.3086749472375545,0.0,5
588,45,8,CD1,LEU,D,2.0695573344478535,0.0,5
589,893,64,CB,ALA,D,1.727587850149889,0.0,5
590,677,49,NH2,ARG,D,1.5471729052237182,0.0,5
591,809,58,O,THR,D,1.9896485760239064,0.0,5
592,481,37,NH1,ARG,D,1.9264460512790273,0.0,5
593,893,64,CB,ALA,D,2.2055292430661293,0.0,5
594,673,49,CD,ARG,D,1.8816774989982306,0.0,5
595,198,19,CB,PHE,D,2.1650372585014863,0.0,5
596,716,52,CB,ASP,D,1.7123720935811266,0.0,5
597,299,26,CE2,PHE,D,2.0878598468104848,0.0,5
598,1,5,CA,SER,D,2.045612053061157,0.0,5
599,0,5,N,SER,D,1.450557891486016,0.0,5
600,61,9,O,CYS,D,2.040657496018566,1.0,5
601,640,47,O,CYS,D,1.9024944130293662,1.0,5
602,463,36,C,SER,D,1.992309078117075,0.0,5
603,541,40,NH2,ARG,D,1.6916519758087907,0.0,5
604,262,24,O,ARG,D,1.623514619960901,0.0,5
605,367,30,CG,ARG,D,1.8397086568468866,0.0,5
606,867,62,CG2,THR,D,2.1722831312557043,0.0,5
607,5,5,OG,SER,D,1.4675523171571285,0.0,5
608,538,40,NE,ARG,D,1.6185858587894817,1.0,5
609,389,31,O,PRO,D,1.781487000053868,0.0,5
610,450,35,CG1,VAL,D,2.2065348940120386,0.0,5
611,759,55,CD1,LEU,D,2.410046986114829,0.0,5
612,677,49,NH2,ARG,D,1.5990871790298513,0.0,5
613,506,38,NH2,ARG,D,1.5986100454959817,0.0,5
614,387,31,CA,PRO,D,1.8806311969575222,0.0,5
615,104,13,CD2,LEU,D,2.3238978106446084,1.0,5
616,482,37,NH2,ARG,D,1.5986220869849548,0.0,5
617,298,26,CE1,PHE,D,1.8365168456869616,0.0,5
618,404,32,CB,ALA,D,2.1197164086073985,0.0,5
619,705,51,O,CYS,D,2.341553252866883,0.0,5
620,316,27,CD1,TYR,D,1.903287964351106,0.0,5
621,674,49,NE,ARG,D,1.6688701350672324,0.0,5
622,653,48,CD1,PHE,D,1.8040127513071111,1.0,5
623,501,38,CG,ARG,D,2.113939747542146,0.0,5
624,731,53,CD2,LEU,D,2.200752848083841,0.0,5
625,672,49,CG,ARG,D,2.1934419174606314,1.0,5
626,600,44,O,GLU,D,1.7153673760152857,1.0,5
627,149,16,OG1,THR,D,2.034414693794917,0.0,5
628,431,34,NH2,ARG,D,1.6122559091437512,0.0,5
629,355,29,CB,SER,D,2.2123284469192877,0.0,5
630,499,38,O,ARG,D,2.559358539810962,0.0,5
631,367,30,CG,ARG,D,1.8270990177466853,0.0,5
632,753,55,N,LEU,D,1.755664463907406,0.0,5
633,372,30,NH2,ARG,D,1.6163091290484017,0.0,5
634,620,45,OE2,GLU,D,1.2589885384631616,0.0,5
635,296,26,CD1,PHE,D,2.4527816725202185,0.0,5
636,672,49,CG,ARG,D,2.661517438088661,1.0,5
637,482,37,NH2,ARG,D,1.6336904780269856,0.0,5
638,477,37,CG,ARG,D,1.973357115462227,0.0,5
639,352,29,CA,SER,D,2.6734106129025053,0.0,5
640,567,42,CG1,ILE,D,2.02743467059276,0.0,5
641,506,38,NH2,ARG,D,1.5233202265655819,0.0,5
642,75,11,N,GLY,D,2.289546205944172,1.0,5
643,474,37,C,ARG,D,1.9473880992770098,0.0,5
644,296,26,CD1,PHE,D,1.6929677729929526,0.0,5
645,58,9,N,CYS,D,2.452120587323815,0.0,5
646,476,37,CB,ARG,D,2.1786375107015923,0.0,5
647,587,43,CG2,VAL,D,2.064779451268626,1.0,5
648,601,44,CB,GLU,D,1.7034902584201372,0.0,5
649,428,34,NE,ARG,D,1.7854551718398461,0.0,5
650,481,37,NH1,ARG,D,1.8983230838435972,0.0,5
651,316,27,CD1,TYR,D,2.005753037097518,0.0,5
652,410,33,N,SER,D,2.0574373455242547,0.0,5
653,731,53,CD2,LEU,D,1.7821143055207977,0.0,5
654,503,38,NE,ARG,D,1.6664538688269623,0.0,5
655,716,52,CB,ASP,D,1.960640823404788,0.0,5
656,253,23,OD1,ASP,D,1.3247589919560552,0.0,5
657,540,40,NH1,ARG,D,1.8678454513303102,1.0,5
658,747,54,CB,ALA,D,2.1730622588108908,0.0,5
659,844,60,O,CYS,D,2.4007465322155976,0.0,5
660,655,48,CE1,PHE,D,2.194646954849733,1.0,5
661,759,55,CD1,LEU,D,1.7523402694852908,0.0,5
662,89,12,OE1,GLU,D,2.0314485710409356,0.0,5
663,71,10,O,GLY,D,1.9325007632923321,1.0,5
664,197,19,O,PHE,D,1.5641014113827274,0.0,5
665,149,16,OG1,THR,D,1.5338847835450449,0.0,5
666,147,16,O,THR,D,2.7933615171230515,0.0,5
667,541,40,NH2,ARG,D,1.5238089244823712,0.0,5
668,313,27,O,TYR,D,1.5677741685567208,0.0,5
669,76,11,CA,GLY,D,1.7321036120447315,1.0,5
670,562,42,N,ILE,D,2.151278990334137,0.0,5
671,642,47,SG,CYS,D,2.279553395865064,1.0,5
672,372,30,NH2,ARG,D,1.586946304368179,0.0,5
673,670,49,O,ARG,D,2.1547738435178845,0.0,5
674,185,18,NE2,GLN,D,1.7688880159432816,0.0,5
675,506,38,NH2,ARG,D,1.9886840173926468,0.0,5
676,403,32,O,ALA,D,1.7299435787682609,0.0,5
677,798,57,OE1,GLU,D,1.3731094806566744,0.0,5
678,706,51,CB,CYS,D,2.1979204834764148,0.0,5
679,85,12,O,GLU,D,2.0044142009227013,0.0,5
680,430,34,NH1,ARG,D,2.017151643021954,0.0,5
681,525,39,OG,SER,D,1.6472127836236878,1.0,5
682,356,29,OG,SER,D,1.6042987267613398,0.0,5
683,451,35,CG2,VAL,D,1.9304492582697317,0.0,5
684,367,30,CG,ARG,D,2.146426178294394,0.0,5
685,240,22,N,GLY,D,1.980206873276038,0.0,5
686,354,29,O,SER,D,1.3688770662902239,0.0,5
687,717,52,CG,ASP,D,2.2543131904475064,0.0,5
688,676,49,NH1,ARG,D,1.5159382639209522,0.0,5
689,139,15,OD2,ASP,D,1.3018584766882826,0.0,5
690,404,32,CB,ALA,D,1.7496353429654712,0.0,5
691,778,56,CD1,LEU,D,2.32665009030832,0.0,5
692,812,58,CG2,THR,D,2.189443592125013,0.0,5
693,501,38,CG,ARG,D,2.036941071109569,0.0,5
694,778,56,CD1,LEU,D,1.672944180640115,0.0,5
695,424,34,O,ARG,D,1.8357766932846982,1.0,5
696,18,6,OE2,GLU,D,1.6468742608056703,0.0,5
697,760,55,CD2,LEU,D,2.2476588802984203,0.0,5
698,477,37,CG,ARG,D,2.0224787434372407,0.0,5
699,318,27,CE1,TYR,D,1.9463206444438024,0.0,5
700,424,34,O,ARG,D,2.4481861143359764,1.0,5
701,538,40,NE,ARG,D,1.7957322302409764,1.0,5
702,746,54,O,ALA,D,1.8348834586312246,0.0,5
703,809,58,O,THR,D,1.723096335160242,0.0,5
704,747,54,CB,ALA,D,2.1134274858017346,0.0,5
705,799,57,OE2,GLU,D,1.293498078379303,0.0,5
706,138,15,OD1,ASP,D,1.3058442894616233,0.0,5
707,677,49,NH2,ARG,D,1.5486912160241257,0.0,5
708,505,38,NH1,ARG,D,1.5017676012483308,0.0,5
709,30,7,OG1,THR,D,2.346531063284876,0.0,5
710,250,23,O,ASP,D,1.3172189483198116,0.0,5
711,705,51,O,CYS,D,1.698449673417534,0.0,5
712,313,27,O,TYR,D,1.9737664920135238,0.0,5
713,368,30,CD,ARG,D,2.1927066004335947,0.0,5
714,28,7,O,THR,D,2.031241444122495,0.0,5
715,725,53,CA,LEU,D,2.277386597003455,0.0,5
716,368,30,CD,ARG,D,1.9852189046680093,0.0,5
717,18,6,OE2,GLU,D,1.2984507423127825,0.0,5
718,68,10,N,GLY,D,2.2113934646955213,1.0,5
719,475,37,O,ARG,D,1.8682993393954286,0.0,5
720,731,53,CD2,LEU,D,1.7875917477697818,0.0,5
721,89,12,OE1,GLU,D,1.4708881926968724,0.0,5
722,473,37,CA,ARG,D,2.378851999797824,0.0,5
723,604,44,OE1,GLU,D,1.5406505941018431,1.0,5
724,812,58,CG2,THR,D,1.707272804067391,0.0,5
725,295,26,CG,PHE,D,2.1534059788916404,0.0,5
726,102,13,CG,LEU,D,2.2206569582163693,1.0,5
727,694,50,O,SER,D,1.8990500260895231,0.0,5
728,844,60,O,CYS,D,2.116873621087972,0.0,5
729,499,38,O,ARG,D,1.59388982309731,0.0,5
730,567,42,CG1,ILE,D,2.3933772416265535,0.0,5
731,481,37,NH1,ARG,D,2.045496216180494,0.0,5
732,202,19,CE1,PHE,D,1.6797285701402416,0.0,5
733,90,12,OE2,GLU,D,1.4236657140540347,0.0,5
734,604,44,OE1,GLU,D,1.4611849308053437,0.0,5
735,540,40,NH1,ARG,D,2.8647994563356574,1.0,5
736,293,26,O,PHE,D,2.182691956188506,0.0,5
737,890,64,CA,ALA,D,1.9551968661931993,0.0,5
738,724,53,N,LEU,D,1.9320144872451686,0.0,5
739,16,6,CD,GLU,D,1.6694848233368969,0.0,5
740,122,14,CG2,VAL,D,1.8092133549860063,1.0,5
741,502,38,CD,ARG,D,2.4749039880992494,0.0,5
742,391,31,CG,PRO,D,1.7268275223879113,0.0,5
743,724,53,N,LEU,D,2.1217804235391404,0.0,5
744,241,22,CA,GLY,D,2.1269553786322697,0.0,5
745,890,64,CA,ALA,D,2.0415407680987925,0.0,5
746,366,30,CB,ARG,D,2.465881394588414,0.0,5
747,482,37,NH2,ARG,D,1.8057761036701874,0.0,5
748,371,30,NH1,ARG,D,1.8024549501255167,0.0,5
749,269,24,NH2,ARG,D,1.9951189187346887,0.0,5
750,269,24,NH2,ARG,D,1.995283666547653,0.0,5
751,475,37,O,ARG,D,1.7302777368301696,0.0,5
752,831,59,OH,TYR,D,1.6149205200345889,1.0,5
753,669,49,C,ARG,D,1.9125816183661986,0.0,5
754,812,58,CG2,THR,D,2.053161263053023,0.0,5
755,866,62,OG1,THR,D,2.375184517793254,0.0,5
756,260,24,CA,ARG,D,2.542815867748835,0.0,5
757,30,7,OG1,THR,D,2.1003182076751306,0.0,5
758,620,45,OE2,GLU,D,2.1282866331894925,0.0,5
759,855,61,CB,ALA,D,1.7342880214413228,0.0,5
760,45,8,CD1,LEU,D,2.1954804195983946,0.0,5
761,241,22,CA,GLY,D,1.9037081589492018,0.0,5
762,410,33,N,SER,D,2.0651935945933135,0.0,5
763,477,37,CG,ARG,D,1.8951438719579397,0.0,5
764,541,40,NH2,ARG,D,1.5151040610832802,0.0,5
765,18,6,OE2,GLU,D,1.46715028778938,0.0,5
766,506,38,NH2,ARG,D,1.7978883762781688,0.0,5
767,812,58,CG2,THR,D,1.8458951839522586,0.0,5
768,451,35,CG2,VAL,D,2.2421716586090783,0.0,5
769,653,48,CD1,PHE,D,2.128097522677006,0.0,5
770,243,22,O,GLY,D,1.4617896319058186,0.0,5
771,321,27,OH,TYR,D,2.0049218277919096,0.0,5
772,480,37,CZ,ARG,D,1.7394954376732683,0.0,5
773,676,49,NH1,ARG,D,1.5780083759695187,0.0,5
774,677,49,NH2,ARG,D,1.5262037216800846,0.0,5
775,202,19,CE1,PHE,D,1.8447887758724872,0.0,5
776,78,11,O,GLY,D,2.5389529210089847,1.0,5
777,810,58,CB,THR,D,2.1040860697108776,0.0,5
778,149,16,OG1,THR,D,1.9116547275958142,0.0,5
779,861,62,N,THR,D,2.142847588747959,0.0,5
780,676,49,NH1,ARG,D,1.6337690638628124,0.0,5
781,389,31,O,PRO,D,1.4629189651369452,0.0,5
782,136,15,CB,ASP,D,1.8097882284466662,0.0,5
783,794,57,O,GLU,D,2.1346083014078134,0.0,5
784,674,49,NE,ARG,D,2.0585580270952533,0.0,5
785,675,49,CZ,ARG,D,1.739643321401708,1.0,5
786,284,25,CA,GLY,D,1.9179305903222452,0.0,5
787,864,62,O,THR,D,1.5602558745952486,0.0,5
788,602,44,CG,GLU,D,2.060154683194969,1.0,5
789,371,30,NH1,ARG,D,1.8636762643381373,0.0,5
790,319,27,CE2,TYR,D,1.9413037140106815,0.0,5
791,0,5,N,SER,D,1.4555412903357423,0.0,5
792,656,48,CE2,PHE,D,1.8137746578515166,1.0,5
793,809,58,O,THR,D,1.7229341694530065,0.0,5
794,264,24,CG,ARG,D,1.9158563892609681,0.0,5
795,217,20,O,VAL,D,1.89398561535974,0.0,5
796,640,47,O,CYS,D,2.063770858916236,0.0,5
797,731,53,CD2,LEU,D,2.1467376568667484,0.0,5
798,290,26,N,PHE,D,2.052005264333221,0.0,5
799,605,44,OE2,GLU,D,1.4489289759398152,0.0,5
800,472,37,N,ARG,D,2.126069194822427,0.0,5
801,372,30,NH2,ARG,D,1.5877158466535555,0.0,5
802,481,37,NH1,ARG,D,1.5656088467190903,0.0,5
803,369,30,NE,ARG,D,2.0675531390737927,0.0,5
804,506,38,NH2,ARG,D,2.029838606667455,0.0,5
805,389,31,O,PRO,D,1.386757954398817,0.0,5
806,867,62,CG2,THR,D,1.7721357001297156,0.0,5
807,744,54,CA,ALA,D,1.993054027946748,0.0,5
808,893,64,CB,ALA,D,2.109068297528851,0.0,5
809,600,44,O,GLU,D,1.9274177233481289,1.0,5
810,424,34,O,ARG,D,1.7653211362141246,1.0,5
811,893,64,CB,ALA,D,1.6991629987431631,0.0,5
812,830,59,CZ,TYR,D,2.5440975465554603,1.0,5
813,264,24,CG,ARG,D,1.7515507312479723,0.0,5
814,0,5,N,SER,D,1.4576160235840192,0.0,5
815,481,37,NH1,ARG,D,1.688964784262184,0.0,5
816,719,52,OD2,ASP,D,1.3204915214369608,0.0,5
817,254,23,OD2,ASP,D,1.2743674920683827,0.0,5
818,889,64,N,ALA,D,1.882339945790607,0.0,5
819,879,63,CB,PRO,D,2.1286770721167465,0.0,5
820,879,63,CB,PRO,D,1.8726503810746917,0.0,5
821,89,12,OE1,GLU,D,1.4427247466369761,0.0,5
822,477,37,CG,ARG,D,2.2840330847505075,0.0,5
823,139,15,OD2,ASP,D,1.2746841751668334,0.0,5
824,729,53,CG,LEU,D,1.835903753338745,0.0,5
825,164,17,CD1,LEU,D,2.7599335761043866,1.0,5
826,268,24,NH1,ARG,D,2.1123642793862096,0.0,5
827,391,31,CG,PRO,D,1.9359196982458007,0.0,5
828,86,12,CB,GLU,D,2.1031013948656647,1.0,5
829,799,57,OE2,GLU,D,1.8341727825869951,0.0,5
830,879,63,CB,PRO,D,1.7252903554874184,0.0,5
831,866,62,OG1,THR,D,1.669315370671314,0.0,5
832,451,35,CG2,VAL,D,1.9327870693809532,0.0,5
833,541,40,NH2,ARG,D,1.8465077422718184,0.0,5
834,706,51,CB,CYS,D,2.6240731347412356,0.0,5
835,642,47,SG,CYS,D,1.704709231578558,1.0,5
836,657,48,CZ,PHE,D,1.9542967351423557,1.0,5
837,641,47,CB,CYS,D,2.4526811171329097,1.0,5
838,449,35,CB,VAL,D,2.0581058649457393,0.0,5
839,241,22,CA,GLY,D,2.057154169254433,0.0,5
840,876,63,CA,PRO,D,2.005449188188302,0.0,5
841,587,43,CG2,VAL,D,2.1795317125019666,1.0,5
842,203,19,CE2,PHE,D,2.0285761569442777,0.0,5
843,479,37,NE,ARG,D,2.0240270380826595,0.0,5
844,650,48,O,PHE,D,1.9881298198169841,0.0,5
845,297,26,CD2,PHE,D,2.370997046013527,1.0,5
846,204,19,CZ,PHE,D,1.7400377004679204,0.0,5
847,478,37,CD,ARG,D,1.9730690525229881,0.0,5
848,891,64,C,ALA,D,1.667516296726751,0.0,5
849,878,63,O,PRO,D,1.2932691122243827,0.0,5
850,831,59,OH,TYR,D,2.0629261178898144,1.0,5
851,567,42,CG1,ILE,D,1.7199139818851639,0.0,5
852,200,19,CD1,PHE,D,2.166600470841326,0.0,5
853,867,62,CG2,THR,D,1.8570954767332852,0.0,5
854,619,45,OE1,GLU,D,1.7506674479517275,0.0,5
855,482,37,NH2,ARG,D,1.5882289754139347,0.0,5
856,46,8,CD2,LEU,D,2.1503451533060582,0.0,5
857,604,44,OE1,GLU,D,1.634448845438076,0.0,5
858,58,9,N,CYS,D,1.8826284186579125,0.0,5
859,812,58,CG2,THR,D,2.014139720153306,0.0,5
860,759,55,CD1,LEU,D,1.9231378234582448,0.0,5
861,875,63,N,PRO,D,1.8652802040363419,0.0,5
862,430,34,NH1,ARG,D,1.505095774639601,0.0,5
863,122,14,CG2,VAL,D,1.9786973488010398,0.0,5
864,694,50,O,SER,D,2.0848773230966997,0.0,5
865,87,12,CG,GLU,D,2.0791049843663654,0.0,5
866,670,49,O,ARG,D,2.180821778313097,0.0,5
867,878,63,O,PRO,D,2.1937697295277983,0.0,5
868,502,38,CD,ARG,D,2.0907636391303153,0.0,5
869,354,29,O,SER,D,2.07293188508082,0.0,5
870,696,50,OG,SER,D,1.776264133446803,0.0,5
871,481,37,NH1,ARG,D,1.6642021787362853,0.0,5
872,541,40,NH2,ARG,D,1.7920637090231741,0.0,5
873,753,55,N,LEU,D,1.8724494773509752,0.0,5
874,356,29,OG,SER,D,1.4691566254916357,0.0,5
875,569,42,CD1,ILE,D,2.255784236622181,0.0,5
876,253,23,OD1,ASP,D,1.4304321418634856,0.0,5
877,14,6,CB,GLU,D,2.134508896550491,0.0,5
878,250,23,O,ASP,D,1.3212925435040803,0.0,5
879,538,40,NE,ARG,D,1.6844620312247234,1.0,5
880,601,44,CB,GLU,D,2.042592920688328,0.0,5
881,893,64,CB,ALA,D,2.051653522280494,0.0,5
882,677,49,NH2,ARG,D,1.57191168289137,0.0,5
883,354,29,O,SER,D,2.0394740439454604,0.0,5
884,865,62,CB,THR,D,2.0923153966517813,0.0,5
885,716,52,CB,ASP,D,1.9714327327900705,0.0,5
886,716,52,CB,ASP,D,2.1273592162914965,0.0,5
887,241,22,CA,GLY,D,2.303485527319211,0.0,5
888,731,53,CD2,LEU,D,1.80539931845786,0.0,5
889,891,64,C,ALA,D,1.6514665992026814,0.0,5
890,809,58,O,THR,D,1.311656231596025,0.0,5
891,481,37,NH1,ARG,D,1.6002186175963438,0.0,5
892,893,64,CB,ALA,D,1.787885640259799,0.0,5
893,505,38,NH1,ARG,D,1.6035200956771902,0.0,5
894,676,49,NH1,ARG,D,1.6817805525346283,0.0,5
895,809,58,O,THR,D,2.1373625094977617,0.0,5
896,90,12,OE2,GLU,D,1.71401408000004,0.0,5
897,75,11,N,GLY,D,1.5475910181000616,1.0,5
898,719,52,OD2,ASP,D,1.2999196512730025,0.0,5
899,657,48,CZ,PHE,D,1.8198159419932847,1.0,5
900,431,34,NH2,ARG,D,2.062346279462958,0.0,5
901,893,64,CB,ALA,D,2.0596037305692287,0.0,5
902,878,63,O,PRO,D,1.5250260194709853,0.0,5
903,14,6,CB,GLU,D,1.7815699437238348,0.0,5
904,70,10,C,GLY,D,1.9448884762195948,1.0,5
905,655,48,CE1,PHE,D,1.8198608804559266,1.0,5
906,202,19,CE1,PHE,D,2.1352517916489147,0.0,5
907,653,48,CD1,PHE,D,1.9698745441759984,1.0,5
908,69,10,CA,GLY,D,2.085954417199291,1.0,5
909,137,15,CG,ASP,D,1.6281231214832124,0.0,5
910,759,55,CD1,LEU,D,1.8874511622089896,0.0,5
911,89,12,OE1,GLU,D,2.3092422314669934,0.0,5
912,541,40,NH2,ARG,D,2.187593299692929,0.0,5
913,390,31,CB,PRO,D,1.7079593729358862,0.0,5
914,251,23,CB,ASP,D,1.9707647335776526,0.0,5
915,264,24,CG,ARG,D,2.1426964686530448,0.0,5
916,319,27,CE2,TYR,D,1.7047983335334507,0.0,5
917,89,12,OE1,GLU,D,1.256908208972185,0.0,5
918,404,32,CB,ALA,D,2.048055136779574,0.0,5
919,746,54,O,ALA,D,1.5005260378887832,0.0,5
920,182,18,CG,GLN,D,2.045208323983271,0.0,5
921,612,45,N,GLU,D,1.854231625582545,0.0,5
922,368,30,CD,ARG,D,2.190179368922396,0.0,5
923,390,31,CB,PRO,D,2.1226158977939953,0.0,5
924,724,53,N,LEU,D,1.798162337501607,0.0,5
925,450,35,CG1,VAL,D,1.777800273199718,0.0,5
926,341,28,CZ,PHE,D,2.602049503151988,0.0,5
927,672,49,CG,ARG,D,2.1518587206821267,0.0,5
928,321,27,OH,TYR,D,1.2949635825795769,0.0,5
929,465,36,CB,SER,D,1.7616841466291089,0.0,5
930,0,5,N,SER,D,1.5850636537640501,0.0,5
931,448,35,O,VAL,D,1.608876825964136,0.0,5
932,17,6,OE1,GLU,D,1.650698222107552,0.0,5
933,728,53,CB,LEU,D,2.1190900455446497,0.0,5
934,831,59,OH,TYR,D,1.425614786983567,1.0,5
935,604,44,OE1,GLU,D,1.3082122637557696,0.0,5
936,747,54,CB,ALA,D,1.9424461007846632,0.0,5
937,880,63,CG,PRO,D,2.2111073249057385,0.0,5
938,150,16,CG2,THR,D,1.762677817703059,0.0,5
939,653,48,CD1,PHE,D,1.832146846914042,1.0,5
940,180,18,O,GLN,D,1.7286178592261758,0.0,5
941,731,53,CD2,LEU,D,2.049068850218448,0.0,5
942,891,64,C,ALA,D,1.7203909842496325,0.0,5
943,3,5,O,SER,D,1.6319598988270112,0.0,5
944,415,33,OG,SER,D,2.164253964876906,0.0,5
945,451,35,CG2,VAL,D,1.6621288006874035,0.0,5
946,605,44,OE2,GLU,D,1.3561179232045208,1.0,5
947,243,22,O,GLY,D,1.6635773488612304,0.0,5
948,500,38,CB,ARG,D,2.5576530442389913,0.0,5
949,540,40,NH1,ARG,D,1.758930487211049,1.0,5
950,290,26,N,PHE,D,2.266219162874572,0.0,5
951,855,61,CB,ALA,D,1.7206572161010585,0.0,5
952,482,37,NH2,ARG,D,1.5213655543923954,0.0,5
953,744,54,CA,ALA,D,2.0977045778501933,0.0,5
954,404,32,CB,ALA,D,1.9991600114514063,0.0,5
955,472,37,N,ARG,D,2.0232956685019468,0.0,5
956,371,30,NH1,ARG,D,1.9966042991493653,0.0,5
957,655,48,CE1,PHE,D,1.7686938347805574,1.0,5
958,642,47,SG,CYS,D,1.7206389852817583,1.0,5
959,371,30,NH1,ARG,D,1.9188617740929514,0.0,5
960,501,38,CG,ARG,D,1.8652053162674673,0.0,5
961,250,23,O,ASP,D,2.04374203020519,0.0,5
962,247,23,N,ASP,D,2.382916543258764,0.0,5
963,501,38,CG,ARG,D,2.0883972399911634,0.0,5
964,16,6,CD,GLU,D,2.069123580262457,0.0,5
965,90,12,OE2,GLU,D,1.2881230068348437,0.0,5
966,506,38,NH2,ARG,D,1.5557887838416917,0.0,5
967,619,45,OE1,GLU,D,2.050065887793754,1.0,5
968,204,19,CZ,PHE,D,1.9886949531582447,0.0,5
969,136,15,CB,ASP,D,2.1342662072884546,0.0,5
970,448,35,O,VAL,D,2.3309097484915577,0.0,5
971,451,35,CG2,VAL,D,1.886225192318172,0.0,5
972,795,57,CB,GLU,D,1.820736477596426,0.0,5
973,69,10,CA,GLY,D,2.1562243533502996,1.0,5
974,316,27,CD1,TYR,D,1.6568199740700398,0.0,5
975,864,62,O,THR,D,1.2918197208384612,0.0,5
976,121,14,CG1,VAL,D,1.980343902313505,0.0,5
977,450,35,CG1,VAL,D,1.771946713495674,0.0,5
978,475,37,O,ARG,D,1.8177644714742256,0.0,5
979,567,42,CG1,ILE,D,2.398301436232629,0.0,5
980,462,36,CA,SER,D,2.180606559307078,0.0,5
981,506,38,NH2,ARG,D,1.5815715180987555,0.0,5
982,15,6,CG,GLU,D,2.0424007987292883,0.0,5
983,369,30,NE,ARG,D,1.7496235886754474,0.0,5
984,284,25,CA,GLY,D,2.0656587254951684,0.0,5
985,676,49,NH1,ARG,D,1.966244624280209,0.0,5
986,63,9,SG,CYS,D,1.7447678932276662,0.0,5
987,855,61,CB,ALA,D,1.9088815653954454,0.0,5
988,728,53,CB,LEU,D,2.1799147144746094,0.0,5
989,556,41,CA,GLY,D,2.089600877882601,0.0,5
990,431,34,NH2,ARG,D,2.4491210367576715,0.0,5
991,465,36,CB,SER,D,2.1848310304290113,0.0,5
992,201,19,CD2,PHE,D,2.3742867526086786,0.0,5
993,538,40,NE,ARG,D,2.0346395384510774,1.0,5
994,653,48,CD1,PHE,D,2.118436214849799,1.0,5
995,31,7,CG2,THR,D,2.1722221486953637,0.0,5
996,62,9,CB,CYS,D,2.2347938631299953,0.0,5
997,321,27,OH,TYR,D,1.6203536635975773,0.0,5
998,428,34,NE,ARG,D,2.0333732235266093,0.0,5
999,702,51,N,CYS,D,2.277975712416851,0.0,5
1000,2,5,C,SER,D,1.653421470741216,0.0,5
1001,63,9,SG,CYS,D,1.8423276349845457,1.0,5
1002,747,54,CB,ALA,D,1.7919278055635985,0.0,5
1003,696,50,OG,SER,D,1.7471258430093546,0.0,5
1004,481,37,NH1,ARG,D,1.9151877611879287,0.0,5
1005,217,20,O,VAL,D,2.20161814431295,0.0,5
1006,318,27,CE1,TYR,D,1.7667049026101695,0.0,5
1007,476,37,CB,ARG,D,2.1212378958928237,0.0,5
1008,321,27,OH,TYR,D,1.2719572628100793,0.0,5
1009,642,47,SG,CYS,D,1.7107687433297707,1.0,5
1010,616,45,CB,GLU,D,1.8588296655165575,0.0,5
1011,251,23,CB,ASP,D,2.0595213452316896,0.0,5
1012,431,34,NH2,ARG,D,1.7060134678681544,0.0,5
1013,506,38,NH2,ARG,D,1.5257067755368554,0.0,5
1014,866,62,OG1,THR,D,2.27227199729037,0.0,5
1015,180,18,O,GLN,D,2.186463688268445,0.0,5
1016,465,36,CB,SER,D,2.2948444922325724,0.0,5
1017,253,23,OD1,ASP,D,1.2573040361923482,0.0,5
1018,69,10,CA,GLY,D,1.9104935192615733,1.0,5
1019,650,48,O,PHE,D,1.2285584273726018,0.0,5
1020,719,52,OD2,ASP,D,1.352454111024582,0.0,5
1021,889,64,N,ALA,D,2.017397864228524,0.0,5
1022,867,62,CG2,THR,D,2.160362322412727,0.0,5
1023,0,5,N,SER,D,1.806115618224994,0.0,5
1024,719,52,OD2,ASP,D,1.2788933894417762,0.0,5
1025,28,7,O,THR,D,1.8619316370883658,0.0,5
1026,204,19,CZ,PHE,D,1.6836219468688964,0.0,5
1027,45,8,CD1,LEU,D,2.135599621998106,0.0,5
1028,339,28,CE1,PHE,D,2.075528279622858,0.0,5
1029,676,49,NH1,ARG,D,1.64936090868482,0.0,5
1030,243,22,O,GLY,D,1.8067071533469172,0.0,5
1031,731,53,CD2,LEU,D,1.7036650802984332,0.0,5
1032,705,51,O,CYS,D,1.3524380129778448,0.0,5
1033,497,38,CA,ARG,D,2.2000559935461985,0.0,5
1034,164,17,CD1,LEU,D,2.129135598647407,1.0,5
1035,482,37,NH2,ARG,D,1.5246351204904436,0.0,5
1036,122,14,CG2,VAL,D,1.8977499537370284,0.0,5
1037,760,55,CD2,LEU,D,2.291746239566037,0.0,5
1038,642,47,SG,CYS,D,2.3787530632417946,1.0,5
1039,138,15,OD1,ASP,D,1.351637100373109,0.0,5
1040,369,30,NE,ARG,D,2.0166735800273363,0.0,5
1041,427,34,CD,ARG,D,2.262794839470393,0.0,5
1042,541,40,NH2,ARG,D,1.7784853126926452,0.0,5
1043,677,49,NH2,ARG,D,2.0055303922712526,0.0,5
1044,242,22,C,GLY,D,1.8261481772029962,0.0,5
1045,731,53,CD2,LEU,D,1.9744289840701288,0.0,5
1046,620,45,OE2,GLU,D,1.2701139462839641,0.0,5
1047,482,37,NH2,ARG,D,1.9467276714336728,0.0,5
1048,450,35,CG1,VAL,D,2.027113376187402,0.0,5
1049,5,5,OG,SER,D,1.9555073835320902,0.0,5
1050,200,19,CD1,PHE,D,2.045226310202834,0.0,5
1051,262,24,O,ARG,D,1.5636398508938867,0.0,5
1052,17,6,OE1,GLU,D,1.2510498334753122,0.0,5
1053,864,62,O,THR,D,1.458250697094373,0.0,5
1054,731,53,CD2,LEU,D,1.9126912739329767,0.0,5
1055,506,38,NH2,ARG,D,1.9831895359620975,0.0,5
1056,122,14,CG2,VAL,D,2.3848076278121058,1.0,5
1057,414,33,CB,SER,D,1.781667921458067,0.0,5
1058,861,62,N,THR,D,2.1613398677709514,0.0,5
1059,746,54,O,ALA,D,1.6697260040317365,0.0,5
1060,89,12,OE1,GLU,D,1.463834507862247,1.0,5
1061,404,32,CB,ALA,D,1.825840189616654,0.0,5
1062,201,19,CD2,PHE,D,2.3719072440994804,0.0,5
1063,139,15,OD2,ASP,D,1.5466202923446686,0.0,5
1064,17,6,OE1,GLU,D,1.2706355508569558,0.0,5
1065,587,43,CG2,VAL,D,2.0585372317931694,1.0,5
1066,719,52,OD2,ASP,D,1.3950649252066047,0.0,5
1067,878,63,O,PRO,D,1.6417851991675152,0.0,5
1068,479,37,NE,ARG,D,1.6320315694148324,0.0,5
1069,369,30,NE,ARG,D,1.949735896287058,0.0,5
1070,45,8,CD1,LEU,D,1.7039495835880025,0.0,5
1071,203,19,CE2,PHE,D,1.846632735713264,0.0,5
1072,651,48,CB,PHE,D,2.302330563352065,0.0,5
1073,133,15,CA,ASP,D,1.8352975867970094,0.0,5
1074,284,25,CA,GLY,D,2.4795484844436926,0.0,5
1075,202,19,CE1,PHE,D,1.8333507673223062,0.0,5
1076,476,37,CB,ARG,D,1.8670148634557868,0.0,5
1077,44,8,CG,LEU,D,1.9557888391962035,0.0,5
1078,317,27,CD2,TYR,D,1.9122936739823688,0.0,5
1079,880,63,CG,PRO,D,2.1488882396795472,0.0,5
1080,730,53,CD1,LEU,D,2.197272971841354,0.0,5
1081,90,12,OE2,GLU,D,1.8728536893649,0.0,5
1082,299,26,CE2,PHE,D,2.0856224204309224,0.0,5
1083,250,23,O,ASP,D,1.6415901538081967,0.0,5
1084,477,37,CG,ARG,D,1.8202337187912483,0.0,5
1085,31,7,CG2,THR,D,1.9575711034664955,0.0,5
1086,718,52,OD1,ASP,D,2.1499536170119273,0.0,5
1087,201,19,CD2,PHE,D,1.960600609866561,0.0,5
1088,427,34,CD,ARG,D,1.7099857836383625,0.0,5
1089,220,20,CG2,VAL,D,2.3264062095949836,0.0,5
1090,340,28,CE2,PHE,D,1.840280313954275,0.0,5
1091,392,31,CD,PRO,D,1.9852011085991559,0.0,5
1092,704,51,C,CYS,D,2.4024538119413448,0.0,5
1093,881,63,CD,PRO,D,2.150731961628901,0.0,5
1094,266,24,NE,ARG,D,1.767536031846025,0.0,5
1095,371,30,NH1,ARG,D,2.0030786528182927,0.0,5
1096,313,27,O,TYR,D,1.4619161228425612,0.0,5
1097,269,24,NH2,ARG,D,2.155302554811634,0.0,5
1098,535,40,CB,ARG,D,2.064127227546623,0.0,5
1099,197,19,O,PHE,D,1.4886747772972238,0.0,5
1100,3,5,O,SER,D,1.3349197855606136,0.0,5
1101,371,30,NH1,ARG,D,1.5533373716115917,0.0,5
1102,149,16,OG1,THR,D,1.2824004735038073,0.0,5
1103,415,33,OG,SER,D,1.5625878357323857,0.0,5
1104,450,35,CG1,VAL,D,2.389243301999301,0.0,5
1105,69,10,CA,GLY,D,1.8608873812748883,1.0,5
1106,673,49,CD,ARG,D,1.9718179192008733,0.0,5
1107,653,48,CD1,PHE,D,1.8443323079594975,1.0,5
1108,795,57,CB,GLU,D,1.9322571273925078,0.0,5
1109,367,30,CG,ARG,D,1.9146354013979618,0.0,5
1110,17,6,OE1,GLU,D,1.846492476555181,0.0,5
1111,299,26,CE2,PHE,D,2.4127947695144196,0.0,5
1112,198,19,CB,PHE,D,2.4507676213036556,0.0,5
1113,612,45,N,GLU,D,1.90023933540733,0.0,5
1114,319,27,CE2,TYR,D,1.949374111799796,0.0,5
1115,82,12,N,GLU,D,2.035142366872776,1.0,5
1116,500,38,CB,ARG,D,2.527798974331509,0.0,5
1117,265,24,CD,ARG,D,2.366357800784315,0.0,5
1118,867,62,CG2,THR,D,2.060946189367543,0.0,5
1119,799,57,OE2,GLU,D,1.9610887645921915,0.0,5
1120,451,35,CG2,VAL,D,2.4371410817648447,0.0,5
1121,719,52,OD2,ASP,D,1.7578454763577274,0.0,5
1122,197,19,O,PHE,D,1.5285113654413143,0.0,5
1123,428,34,NE,ARG,D,2.062095415992075,0.0,5
1124,135,15,O,ASP,D,2.0192546077367233,0.0,5
1125,220,20,CG2,VAL,D,2.284251566418328,0.0,5
1126,875,63,N,PRO,D,1.5947452557350301,0.0,5
1127,0,5,N,SER,D,1.6279297115526363,0.0,5
1128,863,62,C,THR,D,1.8709468612595566,0.0,5
1129,694,50,O,SER,D,1.6532154024447585,0.0,5
1130,696,50,OG,SER,D,1.4965880600681785,0.0,5
1131,619,45,OE1,GLU,D,2.243948901042749,0.0,5
1132,18,6,OE2,GLU,D,1.4793851687683217,0.0,5
1133,713,52,CA,ASP,D,1.9806972536513652,0.0,5
1134,505,38,NH1,ARG,D,1.6359165985517974,0.0,5
1135,337,28,CD1,PHE,D,1.9406814412877407,0.0,5
1136,652,48,CG,PHE,D,1.8181924184354477,1.0,5
1137,253,23,OD1,ASP,D,1.8753741794583938,0.0,5
1138,473,37,CA,ARG,D,2.3706953213277737,0.0,5
1139,71,10,O,GLY,D,1.924549279616568,1.0,5
1140,880,63,CG,PRO,D,2.0098500322777824,0.0,5
1141,319,27,CE2,TYR,D,2.1353194194906844,0.0,5
1142,425,34,CB,ARG,D,1.9710932744986671,0.0,5
1143,70,10,C,GLY,D,1.921068329007051,1.0,5
1144,30,7,OG1,THR,D,1.5345483833496443,0.0,5
1145,251,23,CB,ASP,D,1.775515554960639,0.0,5
1146,717,52,CG,ASP,D,1.8457782060065737,0.0,5
1147,356,29,OG,SER,D,1.5360569004881295,0.0,5
1148,728,53,CB,LEU,D,2.0547265686252776,0.0,5
1149,641,47,CB,CYS,D,1.7945250301338396,1.0,5
1150,652,48,CG,PHE,D,1.8731566477289225,1.0,5
1151,164,17,CD1,LEU,D,1.6554167213547633,1.0,5
1152,86,12,CB,GLU,D,1.930416635998466,1.0,5
1153,878,63,O,PRO,D,1.9623378007866716,0.0,5
1154,587,43,CG2,VAL,D,1.6978802338875771,1.0,5
1155,604,44,OE1,GLU,D,2.1946607204526916,0.0,5
1156,321,27,OH,TYR,D,1.762298622616406,0.0,5
1157,69,10,CA,GLY,D,1.786397322103937,1.0,5
1158,778,56,CD1,LEU,D,1.916955813652801,0.0,5
1159,182,18,CG,GLN,D,1.91862699000007,0.0,5
1160,672,49,CG,ARG,D,2.5581930126656798,0.0,5
1161,656,48,CE2,PHE,D,1.868225734125627,1.0,5
1162,641,47,CB,CYS,D,2.3354442996293456,1.0,5
1163,696,50,OG,SER,D,1.4584759442957407,0.0,5
1164,620,45,OE2,GLU,D,1.3098864934513355,0.0,5
1165,355,29,CB,SER,D,1.8673517721450366,0.0,5
1166,90,12,OE2,GLU,D,1.4337507502012887,0.0,5
1167,293,26,O,PHE,D,1.947668420862175,0.0,5
1168,670,49,O,ARG,D,2.19258756749835,0.0,5
1169,232,21,C,CYS,D,2.090877242924278,0.0,5
1170,650,48,O,PHE,D,1.4441575227518697,0.0,5
1171,586,43,CG1,VAL,D,1.9227818080148993,1.0,5
1172,259,24,N,ARG,D,1.6126673029136658,0.0,5
1173,138,15,OD1,ASP,D,1.6959913297939198,0.0,5
1174,136,15,CB,ASP,D,2.182387168969785,0.0,5
1175,799,57,OE2,GLU,D,1.7500325409442614,0.0,5
1176,321,27,OH,TYR,D,2.1239123910931124,0.0,5
1177,502,38,CD,ARG,D,2.2596557873553746,0.0,5
1178,797,57,CD,GLU,D,1.6739650192846856,0.0,5
1179,199,19,CG,PHE,D,1.7175004371370255,0.0,5
1180,241,22,CA,GLY,D,1.9628572312500747,0.0,5
1181,431,34,NH2,ARG,D,1.794176901751087,0.0,5
1182,655,48,CE1,PHE,D,1.8713639636900554,1.0,5
1183,372,30,NH2,ARG,D,1.792269682454881,0.0,5
1184,506,38,NH2,ARG,D,1.807251941025063,0.0,5
1185,200,19,CD1,PHE,D,1.9106664928913697,0.0,5
1186,180,18,O,GLN,D,1.6666039486911097,0.0,5
1187,401,32,CA,ALA,D,1.8226142880106935,0.0,5
1188,253,23,OD1,ASP,D,1.847904177562301,0.0,5
1189,878,63,O,PRO,D,1.8382867083070744,0.0,5
1190,1,5,CA,SER,D,2.0521131234609724,0.0,5
1191,702,51,N,CYS,D,1.855607421068243,0.0,5
1192,262,24,O,ARG,D,1.9281830818163268,0.0,5
1193,462,36,CA,SER,D,1.9540585173164873,0.0,5
1194,4,5,CB,SER,D,1.7733309243285813,0.0,5
1195,541,40,NH2,ARG,D,1.6701085159687954,1.0,5
1196,62,9,CB,CYS,D,1.9322784175276224,0.0,5
1197,656,48,CE2,PHE,D,2.2935888450632307,1.0,5
1198,640,47,O,CYS,D,1.4161798052342995,1.0,5
1199,69,10,CA,GLY,D,2.1617645268235255,1.0,5
1200,466,36,OG,SER,D,1.8529607841296265,0.0,5
1201,267,24,CZ,ARG,D,1.6481611823232365,0.0,5
1202,743,54,N,ALA,D,2.120334205735849,0.0,5
1203,135,15,O,ASP,D,2.0940175958882845,0.0,5
1204,317,27,CD2,TYR,D,1.8047025678062893,0.0,5
1205,705,51,O,CYS,D,2.057413147153661,0.0,5
1206,425,34,CB,ARG,D,2.04933746797817,1.0,5
1207,617,45,CG,GLU,D,1.97423111111311,0.0,5
1208,90,12,OE2,GLU,D,1.4843327924123129,0.0,5
1209,389,31,O,PRO,D,1.8960907267002631,0.0,5
1210,448,35,O,VAL,D,1.409135965456953,0.0,5
1211,705,51,O,CYS,D,2.038704636208719,0.0,5
1212,220,20,CG2,VAL,D,1.8980120477055362,0.0,5
1213,655,48,CE1,PHE,D,1.871883684430089,1.0,5
1214,313,27,O,TYR,D,2.2347589011360074,0.0,5
1215,251,23,CB,ASP,D,2.0485541532033222,0.0,5
1216,671,49,CB,ARG,D,2.3212445801154087,0.0,5
1217,78,11,O,GLY,D,1.8689918863354087,1.0,5
1218,730,53,CD1,LEU,D,2.076569135234405,0.0,5
1219,404,32,CB,ALA,D,2.0751624966413322,0.0,5
1220,714,52,C,ASP,D,2.0439502739722966,0.0,5
1221,538,40,NE,ARG,D,2.1563552185847152,0.0,5
1222,414,33,CB,SER,D,2.1581151551813056,0.0,5
1223,13,6,O,GLU,D,2.044084622979769,0.0,5
1224,366,30,CB,ARG,D,2.398923075559941,0.0,5
1225,501,38,CG,ARG,D,2.0886285993468694,0.0,5
1226,75,11,N,GLY,D,1.9665337387128377,1.0,5
1227,476,37,CB,ARG,D,2.022210678944171,0.0,5
1228,184,18,OE1,GLN,D,1.699248559294865,0.0,5
1229,104,13,CD2,LEU,D,2.218743536272017,1.0,5
1230,390,31,CB,PRO,D,2.0338391999869176,0.0,5
1231,249,23,C,ASP,D,1.791610502038166,0.0,5
1232,478,37,CD,ARG,D,2.1222826282444918,0.0,5
1233,642,47,SG,CYS,D,1.9481169426217912,1.0,5
1234,404,32,CB,ALA,D,1.9132917674995658,0.0,5
1235,197,19,O,PHE,D,2.1355726893099556,0.0,5
1236,411,33,CA,SER,D,2.334215392290422,0.0,5
1237,881,63,CD,PRO,D,1.9911978258936236,0.0,5
1238,481,37,NH1,ARG,D,1.9483212414450854,0.0,5
1239,866,62,OG1,THR,D,1.8707649303136524,0.0,5
1240,676,49,NH1,ARG,D,1.8849989794222524,1.0,5
1241,75,11,N,GLY,D,1.9117553990695424,1.0,5
1242,541,40,NH2,ARG,D,1.963367851302836,0.0,5
1243,620,45,OE2,GLU,D,1.870039589435222,0.0,5
1244,178,18,CA,GLN,D,3.077389073459827,0.0,5
1245,367,30,CG,ARG,D,1.9552321268058281,0.0,5
1246,555,41,N,GLY,D,1.7290883602096503,0.0,5
1247,556,41,CA,GLY,D,1.7618557703744033,0.0,5
1248,477,37,CG,ARG,D,2.2765339085905523,0.0,5
1249,586,43,CG1,VAL,D,2.2026133009578976,1.0,5
1250,121,14,CG1,VAL,D,2.079313118792896,0.0,5
1251,677,49,NH2,ARG,D,1.6724328888692546,0.0,5
1252,812,58,CG2,THR,D,1.9219191767571553,0.0,5
1253,201,19,CD2,PHE,D,1.8511544369901665,0.0,5
1254,617,45,CG,GLU,D,1.8948506963063483,0.0,5
1255,243,22,O,GLY,D,2.243243419448361,0.0,5
1256,670,49,O,ARG,D,1.9688061018871392,0.0,5
1257,299,26,CE2,PHE,D,2.5606916322418827,0.0,5
1258,641,47,CB,CYS,D,2.2276610655648805,1.0,5
1259,63,9,SG,CYS,D,1.8097965974844643,0.0,5
1260,389,31,O,PRO,D,2.09734993291057,0.0,5
1261,122,14,CG2,VAL,D,2.5521538831689536,1.0,5
1262,569,42,CD1,ILE,D,2.5527930766625895,0.0,5
1263,731,53,CD2,LEU,D,1.765107882859889,0.0,5
1264,339,28,CE1,PHE,D,2.304876000481435,0.0,5
1265,139,15,OD2,ASP,D,1.5423883745705853,0.0,5
1266,247,23,N,ASP,D,1.9248574215181848,0.0,5
1267,500,38,CB,ARG,D,2.3991632247730896,0.0,5
1268,828,59,CE1,TYR,D,2.1727135687004577,1.0,5
1269,136,15,CB,ASP,D,1.7962123416111468,0.0,5
1270,674,49,NE,ARG,D,1.919485813580334,0.0,5
1271,201,19,CD2,PHE,D,2.1157135082553644,0.0,5
1272,705,51,O,CYS,D,1.6704452232388594,0.0,5
1273,505,38,NH1,ARG,D,2.0683629604494094,0.0,5
1274,695,50,CB,SER,D,2.0858980263134783,0.0,5
1275,202,19,CE1,PHE,D,1.723399852655316,0.0,5
1276,120,14,CB,VAL,D,2.2581811307448425,1.0,5
1277,889,64,N,ALA,D,2.0689816402742838,0.0,5
1278,879,63,CB,PRO,D,1.7909485390099198,0.0,5
1279,812,58,CG2,THR,D,1.835022273918953,0.0,5
1280,241,22,CA,GLY,D,1.7675892671798974,0.0,5
1281,655,48,CE1,PHE,D,1.8551828822893235,1.0,5
1282,794,57,O,GLU,D,2.1945926133106854,0.0,5
1283,747,54,CB,ALA,D,1.7548601471784981,0.0,5
1284,319,27,CE2,TYR,D,1.9337019719627855,0.0,5
1285,605,44,OE2,GLU,D,1.382673210740171,0.0,5
1286,185,18,NE2,GLN,D,1.4528103431042056,0.0,5
1287,355,29,CB,SER,D,2.397316204535556,0.0,5
1288,138,15,OD1,ASP,D,1.4258098661446086,0.0,5
1289,11,6,CA,GLU,D,2.0552229164650897,0.0,5
1290,298,26,CE1,PHE,D,1.8461101644433804,0.0,5
1291,759,55,CD1,LEU,D,2.2617275680766675,0.0,5
1292,268,24,NH1,ARG,D,1.667065116022565,0.0,5
1293,69,10,CA,GLY,D,1.7344218390532653,1.0,5
1294,254,23,OD2,ASP,D,1.6363524343415117,0.0,5
1295,248,23,CA,ASP,D,2.1376958775293415,0.0,5
1296,473,37,CA,ARG,D,1.9908506955086378,0.0,5
1297,893,64,CB,ALA,D,1.7379524760946312,0.0,5
1298,403,32,O,ALA,D,2.199333750050632,0.0,5
1299,241,22,CA,GLY,D,2.0508492067143145,0.0,5
1300,867,62,CG2,THR,D,2.0859696227291304,0.0,5
1301,799,57,OE2,GLU,D,2.0423786488077718,0.0,5
1302,204,19,CZ,PHE,D,1.6787992442745983,0.0,5
1303,215,20,CA,VAL,D,2.2804815149620024,0.0,5
1304,104,13,CD2,LEU,D,2.1857046952339516,1.0,5
1305,538,40,NE,ARG,D,1.8219671373731274,0.0,5
1306,810,58,CB,THR,D,2.2987664102656455,0.0,5
1307,403,32,O,ALA,D,1.7764376281788026,0.0,5
1308,30,7,OG1,THR,D,1.6972351650666575,0.0,5
1309,145,16,CA,THR,D,2.1415849592844713,0.0,5
1310,747,54,CB,ALA,D,1.812116761799289,0.0,5
1311,46,8,CD2,LEU,D,1.7939010243062652,0.0,5
1312,676,49,NH1,ARG,D,1.6758093728621113,0.0,5
1313,150,16,CG2,THR,D,2.0789032732635597,0.0,5
1314,831,59,OH,TYR,D,2.2656077354271718,1.0,5
1315,254,23,OD2,ASP,D,1.6844673908472918,0.0,5
1316,640,47,O,CYS,D,1.8020048337366341,0.0,5
1317,290,26,N,PHE,D,2.1978142981851247,0.0,5
1318,341,28,CZ,PHE,D,2.57888734222289,0.0,5
1319,415,33,OG,SER,D,2.0065534738296495,0.0,5
1320,389,31,O,PRO,D,1.7644955703145497,0.0,5
1321,855,61,CB,ALA,D,2.3655869059483337,0.0,5
1322,430,34,NH1,ARG,D,1.6648218876984022,0.0,5
1323,293,26,O,PHE,D,1.776029524115994,0.0,5
1324,640,47,O,CYS,D,2.003281861102941,1.0,5
1325,478,37,CD,ARG,D,1.7641746134723941,0.0,5
1326,268,24,NH1,ARG,D,2.2792046533424397,0.0,5
1327,121,14,CG1,VAL,D,1.755574633743392,0.0,5
1328,619,45,OE1,GLU,D,1.5344623131157538,0.0,5
1329,387,31,CA,PRO,D,2.0898613667877366,0.0,5
1330,759,55,CD1,LEU,D,2.3832656666538607,0.0,5
1331,284,25,CA,GLY,D,1.8945838191414528,0.0,5
1332,854,61,O,ALA,D,2.4970863257115843,0.0,5
1333,68,10,N,GLY,D,1.7169006798253588,1.0,5
1334,247,23,N,ASP,D,2.0614835985610562,0.0,5
1335,505,38,NH1,ARG,D,1.683013228003951,0.0,5
1336,540,40,NH1,ARG,D,2.189131390926385,1.0,5
1337,356,29,OG,SER,D,2.040136187995479,0.0,5
1338,404,32,CB,ALA,D,1.7307622240471336,0.0,5
1339,203,19,CE2,PHE,D,1.6768486734508297,0.0,5
1340,747,54,CB,ALA,D,2.0072746227983327,0.0,5
1341,705,51,O,CYS,D,1.5609156717560817,0.0,5
1342,451,35,CG2,VAL,D,2.1390198828971574,0.0,5
1343,368,30,CD,ARG,D,1.983597034938687,0.0,5
1344,1,5,CA,SER,D,1.856793058761677,0.0,5
1345,674,49,NE,ARG,D,1.7277190306705776,0.0,5
1346,62,9,CB,CYS,D,2.098053157016687,1.0,5
1347,423,34,C,ARG,D,2.1131326610156194,0.0,5
1348,262,24,O,ARG,D,1.397785471205188,0.0,5
1349,253,23,OD1,ASP,D,1.2294162446757593,0.0,5
1350,104,13,CD2,LEU,D,2.4862424869800144,1.0,5
1351,60,9,C,CYS,D,1.9819017635496978,1.0,5
1352,451,35,CG2,VAL,D,1.7820851925232202,0.0,5
1353,180,18,O,GLN,D,1.6041598340694256,0.0,5
1354,5,5,OG,SER,D,1.4627303062085932,0.0,5
1355,716,52,CB,ASP,D,1.987590691252788,0.0,5
1356,61,9,O,CYS,D,1.584766224842584,1.0,5
1357,341,28,CZ,PHE,D,2.225880078963941,0.0,5
1358,892,64,O,ALA,D,1.570724317691181,0.0,5
1359,315,27,CG,TYR,D,1.8981716192076434,0.0,5
1360,795,57,CB,GLU,D,2.066089770086271,0.0,5
1361,878,63,O,PRO,D,1.282169926692301,0.0,5
1362,475,37,O,ARG,D,1.7856896890218137,0.0,5
1363,893,64,CB,ALA,D,1.8519965519478188,0.0,5
1364,4,5,CB,SER,D,2.033224227212001,0.0,5
1365,203,19,CE2,PHE,D,1.8124882759306564,0.0,5
1366,203,19,CE2,PHE,D,1.8099411010754822,0.0,5
1367,5,5,OG,SER,D,1.675866839114279,0.0,5
1368,28,7,O,THR,D,2.074463420701316,0.0,5
1369,341,28,CZ,PHE,D,2.059729375456875,0.0,5
1370,122,14,CG2,VAL,D,1.940332225557861,0.0,5
1371,30,7,OG1,THR,D,2.1143639179128204,0.0,5
1372,392,31,CD,PRO,D,2.2838587678023674,0.0,5
1373,757,55,CB,LEU,D,2.2865894328121597,0.0,5
1374,670,49,O,ARG,D,1.2947352879053708,0.0,5
1375,283,25,N,GLY,D,1.5969305906119453,0.0,5
1376,45,8,CD1,LEU,D,2.080075173757099,0.0,5
1377,505,38,NH1,ARG,D,1.9477945496136309,0.0,5
1378,3,5,O,SER,D,1.2362115485597553,0.0,5
1379,718,52,OD1,ASP,D,1.805344297716887,0.0,5
1380,18,6,OE2,GLU,D,1.2274857722090384,0.0,5
1381,87,12,CG,GLU,D,2.0771583669632143,0.0,5
1382,89,12,OE1,GLU,D,1.738665302572241,0.0,5
1383,537,40,CD,ARG,D,2.816333067685798,1.0,5
1384,472,37,N,ARG,D,1.8503045744869253,0.0,5
1385,121,14,CG1,VAL,D,1.7737189793989128,0.0,5
1386,656,48,CE2,PHE,D,1.8256781097199926,1.0,5
1387,404,32,CB,ALA,D,1.6971176361645777,0.0,5
1388,391,31,CG,PRO,D,1.8229609706252492,0.0,5
1389,431,34,NH2,ARG,D,1.8260454499434637,0.0,5
1390,537,40,CD,ARG,D,2.196787749416813,1.0,5
1391,478,37,CD,ARG,D,1.8599721625188979,0.0,5
1392,759,55,CD1,LEU,D,2.3996549475598785,0.0,5
1393,401,32,CA,ALA,D,2.505343062084701,0.0,5
1394,747,54,CB,ALA,D,1.699703980702324,0.0,5
1395,392,31,CD,PRO,D,1.9070747213072168,0.0,5
1396,482,37,NH2,ARG,D,1.9811500410789211,0.0,5
1397,427,34,CD,ARG,D,1.9477476815651829,0.0,5
1398,431,34,NH2,ARG,D,2.478872666451227,0.0,5
1399,879,63,CB,PRO,D,2.0628020989345672,0.0,5
1400,82,12,N,GLU,D,1.8240640159498018,1.0,5
1401,651,48,CB,PHE,D,1.9848090271244616,0.0,5
1402,696,50,OG,SER,D,1.5877144698513583,0.0,5
1403,268,24,NH1,ARG,D,1.9970730388129005,0.0,5
1404,15,6,CG,GLU,D,2.578402841467872,0.0,5
1405,184,18,OE1,GLN,D,1.539595743515696,0.0,5
1406,262,24,O,ARG,D,2.094144379777202,0.0,5
1407,705,51,O,CYS,D,2.105411851028256,0.0,5
1408,184,18,OE1,GLN,D,1.8074634723113394,0.0,5
1409,68,10,N,GLY,D,2.030513332460965,1.0,5
1410,586,43,CG1,VAL,D,1.7329726855864482,1.0,5
1411,430,34,NH1,ARG,D,2.1730200851477623,0.0,5
1412,650,48,O,PHE,D,1.4447505875569768,0.0,5
1413,674,49,NE,ARG,D,1.9968837498916303,0.0,5
1414,569,42,CD1,ILE,D,1.9117137046224886,0.0,5
1415,892,64,O,ALA,D,1.2502151308857912,0.0,5
1416,400,32,N,ALA,D,2.183520357413993,0.0,5
1417,414,33,CB,SER,D,2.118068164241683,0.0,5
1418,889,64,N,ALA,D,1.7508883413408118,0.0,5
1419,728,53,CB,LEU,D,2.1831726234987348,0.0,5
1420,366,30,CB,ARG,D,1.83908613865593,0.0,5
1421,139,15,OD2,ASP,D,1.4332477692367545,0.0,5
1422,243,22,O,GLY,D,2.3449046506700455,0.0,5
1423,864,62,O,THR,D,1.8892442560210925,0.0,5
1424,185,18,NE2,GLN,D,1.6335915414740139,0.0,5
1425,184,18,OE1,GLN,D,1.8288000996838438,0.0,5
1426,318,27,CE1,TYR,D,1.7231464194219617,0.0,5
1427,657,48,CZ,PHE,D,2.053302878266283,1.0,5
1428,726,53,C,LEU,D,2.297050952546676,0.0,5
1429,13,6,O,GLU,D,1.9454225458157626,0.0,5
1430,537,40,CD,ARG,D,1.6790716257695355,1.0,5
1431,757,55,CB,LEU,D,2.443871497155512,0.0,5
1432,372,30,NH2,ARG,D,1.9603711102185912,0.0,5
1433,430,34,NH1,ARG,D,2.481248223229015,0.0,5
1434,260,24,CA,ARG,D,2.614670910788253,0.0,5
1435,354,29,O,SER,D,2.1759328730694385,0.0,5
1436,28,7,O,THR,D,1.6494881675125577,0.0,5
1437,798,57,OE1,GLU,D,1.968733373241135,0.0,5
1438,533,40,C,ARG,D,2.163874147722307,0.0,5
1439,695,50,CB,SER,D,1.7117492465817281,0.0,5
1440,181,18,CB,GLN,D,2.0918316869129288,0.0,5
1441,891,64,C,ALA,D,1.654768500036545,0.0,5
1442,241,22,CA,GLY,D,1.7382887947850192,0.0,5
1443,254,23,OD2,ASP,D,1.3308451175192075,0.0,5
1444,719,52,OD2,ASP,D,1.3058343815223612,0.0,5
1445,185,18,NE2,GLN,D,1.807824977279721,0.0,5
1446,496,38,N,ARG,D,2.04537199671336,0.0,5
1447,61,9,O,CYS,D,1.7297450249895665,0.0,5
1448,390,31,CB,PRO,D,2.023916190376349,0.0,5
1449,474,37,C,ARG,D,1.8613334184810721,0.0,5
1450,481,37,NH1,ARG,D,1.5753826422710366,0.0,5
1451,540,40,NH1,ARG,D,1.646835519581557,1.0,5
1452,204,19,CZ,PHE,D,1.9044264374175308,0.0,5
1453,215,20,CA,VAL,D,2.638484567874268,0.0,5
1454,76,11,CA,GLY,D,2.1564030711072157,1.0,5
1455,150,16,CG2,THR,D,2.0966110467863723,0.0,5
1456,880,63,CG,PRO,D,2.007021244405897,0.0,5
1457,558,41,O,GLY,D,1.8369163363310699,0.0,5
1458,673,49,CD,ARG,D,2.075890032238017,0.0,5
1459,391,31,CG,PRO,D,1.7316787613106985,0.0,5
1460,677,49,NH2,ARG,D,1.934421171011909,0.0,5
1461,135,15,O,ASP,D,1.5053439170696885,0.0,5
1462,254,23,OD2,ASP,D,1.5026193264923087,0.0,5
1463,194,19,N,PHE,D,1.750972928540669,0.0,5
1464,811,58,OG1,THR,D,1.8827106328559575,0.0,5
1465,369,30,NE,ARG,D,1.509404633806792,0.0,5
1466,371,30,NH1,ARG,D,1.4991775944906156,0.0,5
1467,866,62,OG1,THR,D,2.0190431805106845,0.0,5
1468,260,24,CA,ARG,D,2.1150285223548715,0.0,5
1469,0,5,N,SER,D,1.5738960332126872,0.0,5
1470,200,19,CD1,PHE,D,1.7555615285874826,0.0,5
1471,185,18,NE2,GLN,D,1.9613401001565582,0.0,5
1472,796,57,CG,GLU,D,2.0032823271496225,0.0,5
1473,866,62,OG1,THR,D,1.6973126634679978,0.0,5
1474,503,38,NE,ARG,D,2.14925278690587,0.0,5
1475,68,10,N,GLY,D,1.8616840671225305,1.0,5
1476,138,15,OD1,ASP,D,2.3988068910998264,0.0,5
1477,184,18,OE1,GLN,D,1.9356164189113265,0.0,5
1478,182,18,CG,GLN,D,1.8411138466222594,0.0,5
1479,390,31,CB,PRO,D,1.7526215463870085,0.0,5
1480,318,27,CE1,TYR,D,2.0521672429769398,0.0,5
1481,185,18,NE2,GLN,D,1.7687271196541698,0.0,5
1482,63,9,SG,CYS,D,1.9837765005292651,0.0,5
1483,300,26,CZ,PHE,D,2.520873159834989,0.0,5
1484,203,19,CE2,PHE,D,1.8385244503759561,0.0,5
1485,90,12,OE2,GLU,D,1.232999856897512,0.0,5
1486,806,58,N,THR,D,1.963340042973844,0.0,5
1487,372,30,NH2,ARG,D,1.9798035728025905,0.0,5
1488,424,34,O,ARG,D,1.7114064212296711,1.0,5
1489,68,10,N,GLY,D,2.496791757298696,1.0,5
1490,247,23,N,ASP,D,1.7792835642470668,0.0,5
1491,354,29,O,SER,D,1.826028554162671,0.0,5
1492,558,41,O,GLY,D,1.3511643410854046,0.0,5
1493,10,6,N,GLU,D,2.3986358237478136,0.0,5
1494,164,17,CD1,LEU,D,2.430910276642736,1.0,5
1495,200,19,CD1,PHE,D,2.3020094676010205,0.0,5
1496,809,58,O,THR,D,1.783284090914448,0.0,5
1497,620,45,OE2,GLU,D,1.97866179732234,0.0,5
1498,185,18,NE2,GLN,D,2.150877629100645,0.0,5
1499,478,37,CD,ARG,D,1.9536329994316484,0.0,5
1500,890,64,CA,ALA,D,1.8842281422942755,0.0,5
1501,18,6,OE2,GLU,D,1.420896855057004,0.0,5
1502,391,31,CG,PRO,D,2.0117011296274194,0.0,5
1503,535,40,CB,ARG,D,1.996174514447387,0.0,5
1504,844,60,O,CYS,D,1.5696615774778437,0.0,5
1505,865,62,CB,THR,D,1.7873923254626887,0.0,5
1506,403,32,O,ALA,D,1.5568754567485936,0.0,5
1507,540,40,NH1,ARG,D,1.615188535655405,1.0,5
1508,254,23,OD2,ASP,D,1.5067908958509577,0.0,5
1509,558,41,O,GLY,D,2.134470111139785,0.0,5
1510,414,33,CB,SER,D,1.7201434760479644,0.0,5
1511,122,14,CG2,VAL,D,1.8874041130537398,1.0,5
1512,778,56,CD1,LEU,D,2.219026039703765,0.0,5
1513,87,12,CG,GLU,D,1.8329383709761469,0.0,5
1514,612,45,N,GLU,D,1.7997084654748852,1.0,5
1515,368,30,CD,ARG,D,1.776595234515804,0.0,5
1516,356,29,OG,SER,D,2.35077457657808,0.0,5
1517,862,62,CA,THR,D,1.9731858298706006,0.0,5
1518,703,51,CA,CYS,D,1.8647863940826457,0.0,5
1519,655,48,CE1,PHE,D,1.9271812192632753,1.0,5
1520,259,24,N,ARG,D,2.0663939745198685,0.0,5
1521,744,54,CA,ALA,D,2.006739704610007,0.0,5
1522,5,5,OG,SER,D,2.015209523750926,0.0,5
1523,603,44,CD,GLU,D,1.9086732377424795,1.0,5
1524,428,34,NE,ARG,D,1.846765957128036,0.0,5
1525,198,19,CB,PHE,D,2.000381553138184,0.0,5
1526,604,44,OE1,GLU,D,1.9809840992606993,0.0,5
1527,450,35,CG1,VAL,D,1.9380716334626609,0.0,5
1528,535,40,CB,ARG,D,1.7240262542082083,0.0,5
1529,671,49,CB,ARG,D,1.8541595783505798,0.0,5
1530,220,20,CG2,VAL,D,2.266724990109326,0.0,5
1531,414,33,CB,SER,D,2.4288071383658347,0.0,5
1532,730,53,CD1,LEU,D,2.563971297493191,0.0,5
1533,794,57,O,GLU,D,1.4288113941376404,0.0,5
1534,318,27,CE1,TYR,D,1.8026233073463171,0.0,5
1535,199,19,CG,PHE,D,1.8036633090717091,0.0,5
1536,796,57,CG,GLU,D,1.8302214226431173,0.0,5
1537,178,18,CA,GLN,D,2.503884591903713,0.0,5
1538,181,18,CB,GLN,D,1.9053504180618681,0.0,5
1539,672,49,CG,ARG,D,1.8277936555355752,0.0,5
1540,729,53,CG,LEU,D,1.9608466338660024,0.0,5
1541,86,12,CB,GLU,D,1.9686433375282908,1.0,5
1542,299,26,CE2,PHE,D,2.0771722774645256,1.0,5
1543,502,38,CD,ARG,D,1.8031276986729772,0.0,5
1544,337,28,CD1,PHE,D,1.8615796606289639,0.0,5
1545,798,57,OE1,GLU,D,1.6836025799751162,0.0,5
1546,426,34,CG,ARG,D,2.279718724758872,1.0,5
1547,828,59,CE1,TYR,D,2.0710002723268457,1.0,5
1548,78,11,O,GLY,D,1.5413805756442458,1.0,5
1549,537,40,CD,ARG,D,2.1663259166845763,1.0,5
1550,668,49,CA,ARG,D,1.830632685955109,0.0,5
1551,673,49,CD,ARG,D,1.9474494331630077,1.0,5
1552,76,11,CA,GLY,D,1.8526580336504532,1.0,5
1553,809,58,O,THR,D,2.1289012189274734,0.0,5
1554,466,36,OG,SER,D,2.12706477281926,0.0,5
1555,602,44,CG,GLU,D,2.2103769143341,1.0,5
1556,293,26,O,PHE,D,1.690049948047842,0.0,5
1557,1,5,CA,SER,D,1.9004982693188126,0.0,5
1558,810,58,CB,THR,D,1.7805072079171465,0.0,5
1559,15,6,CG,GLU,D,1.9816200007699165,0.0,5
1560,11,6,CA,GLU,D,1.9317011022798458,0.0,5
1561,503,38,NE,ARG,D,2.034532795171245,0.0,5
1562,25,7,N,THR,D,2.2699184992298833,0.0,5
1563,448,35,O,VAL,D,1.928744500707101,0.0,5
1564,410,33,N,SER,D,1.771323359541957,0.0,5
1565,266,24,NE,ARG,D,1.7064500996099576,0.0,5
1566,852,61,CA,ALA,D,2.017700527005779,0.0,5
1567,506,38,NH2,ARG,D,1.5823897554454367,0.0,5
1568,195,19,CA,PHE,D,2.2776375026263413,0.0,5
1569,867,62,CG2,THR,D,1.7371602640774857,0.0,5
1570,316,27,CD1,TYR,D,2.677434639041866,0.0,5
1571,87,12,CG,GLU,D,1.8980733282677562,0.0,5
1572,321,27,OH,TYR,D,1.3500420884257756,0.0,5
1573,294,26,CB,PHE,D,2.004187156871307,0.0,5
1574,76,11,CA,GLY,D,1.8051853981087702,1.0,5
1575,501,38,CG,ARG,D,2.2317751800960943,0.0,5
1576,265,24,CD,ARG,D,1.8182009395416832,0.0,5
1577,332,28,CA,PHE,D,2.273987724287516,0.0,5
1578,537,40,CD,ARG,D,2.5408413316423424,1.0,5
1579,201,19,CD2,PHE,D,1.9952792373499846,0.0,5
1580,536,40,CG,ARG,D,1.8447571480399474,0.0,5
1581,194,19,N,PHE,D,1.8257053798265095,0.0,5
1582,619,45,OE1,GLU,D,2.090875709076148,0.0,5
1583,778,56,CD1,LEU,D,1.8808299378393403,0.0,5
1584,753,55,N,LEU,D,1.8891803829455163,0.0,5
1585,139,15,OD2,ASP,D,1.705285106644072,1.0,5
1586,569,42,CD1,ILE,D,1.8836748913379382,0.0,5
1587,319,27,CE2,TYR,D,3.0937404852507084,0.0,5
1588,85,12,O,GLU,D,2.1292076407305505,0.0,5
1589,712,52,N,ASP,D,1.6462135152455601,0.0,5
1590,424,34,O,ARG,D,1.802056663467168,1.0,5
1591,466,36,OG,SER,D,1.4186333315711304,0.0,5
1592,352,29,CA,SER,D,2.4502698892521635,0.0,5
1593,427,34,CD,ARG,D,1.859814065837851,0.0,5
1594,31,7,CG2,THR,D,1.7953133021264973,0.0,5
1595,674,49,NE,ARG,D,1.7230068289357376,0.0,5
1596,619,45,OE1,GLU,D,1.3355894936491148,0.0,5
1597,653,48,CD1,PHE,D,1.948767229967945,1.0,5
1598,31,7,CG2,THR,D,2.6232754597559698,0.0,5
