8.111,19.497,46.482
10.204,14.7375,43.5935
15.7425,19.5475,36.031499999999994
8.763,21.752,51.679
22.876,21.775,31.4925
25.439,17.012,24.772
15.605,1.2285,32.361000000000004
17.223999999999997,25.339,50.454499999999996
40.5435,22.1445,45.795
1.405,16.13,42.163
2.2855,8.634,41.031
23.241999999999997,2.5815,35.067
31.028,18.180500000000002,49.37
42.276,19.605,42.625
2.592,9.591999999999999,32.405
11.6615,4.35,30.627
33.1745,11.171,28.855
8.385,3.961,34.01
6.518,21.2015,49.4405
40.498,23.5465,51.3215
33.6915,23.8395,35.507
9.963,31.239,47.358
1.1,7.801500000000001,44.8375
27.790999999999997,27.18975,32.0335
22.986,28.442999999999998,38.076
-0.14300000000000002,17.8005,42.039500000000004
7.334,15.285499999999999,26.128
25.302500000000002,21.006,50.4935
40.027,20.036,41.744
41.8685,18.641,46.921
1.4580000000000002,10.115,33.9505
14.34775,16.669249999999998,48.982
16.759999999999998,6.743,28.695500000000003
27.2745,28.1915,38.989
30.015,16.255,49.277
29.883,25.62,29.684
23.2115,31.461,46.689
11.871,30.198999999999998,39.7515
28.936500000000002,15.3385,25.747999999999998
12.131499999999999,27.458,37.872
17.892,-0.379,28.105
19.2635,7.9465,28.073500000000003
33.3755,24.9955,44.4795
33.2605,27.0715,42.7225
15.785,7.0440000000000005,29.021
33.933,17.203,46.54675
25.3355,14.2005,42.1575
30.679,15.147,29.002
33.209,25.7955,48.1245
31.681,27.5645,34.588499999999996
6.88,28.9195,46.43
36.317,7.5625,35.97
23.134,28.6605,39.094
40.05,24.481499999999997,51.425
17.102,26.127000000000002,51.083
15.8255,30.256,43.7385
29.8265,31.951999999999998,35.7765
2.955,3.1765,48.1515
10.4345,20.986,28.229999999999997
6.183,4.3629999999999995,47.4285
22.997500000000002,17.9925,25.9695
16.576,18.849,49.6035
19.1485,21.6625,34.278000000000006
11.77225,25.68075,43.0115
26.213,16.908500000000004,37.8815
9.16575,21.207749999999997,40.28475
27.557,6.08,29.179
10.904,7.86975,38.423
9.09825,5.63025,37.679
43.13775,14.73,46.41825
24.011,15.7385,25.0505
9.022,5.18125,34.94375
28.175,21.023,37.274
22.545,27.08275,35.536249999999995
4.72425,16.554250000000003,27.40925
13.511,15.397,46.3435
24.622,23.314500000000002,47.99975
26.836,5.1835,24.261499999999998
10.39025,12.830749999999998,26.932000000000002
33.568,27.497,35.356
30.4075,11.715499999999999,23.473
33.256,9.7495,27.332
45.8895,14.5075,44.769000000000005
39.0765,16.826,37.32925
27.045,1.161,33.9335
24.241,26.311500000000002,33.065
24.820500000000003,29.927999999999997,47.042
29.13425,27.798000000000002,42.02275
38.051500000000004,16.665750000000003,35.69675
20.156,28.24425,42.516000000000005
7.6135,10.6075,28.98825
13.1945,18.847499999999997,37.8455
20.372,16.397,46.469
21.341,4.7035,29.375500000000002
21.0325,8.4145,23.36025
3.07125,23.089,42.285
27.346249999999998,19.85575,37.55
2.198,8.629,44.27675
4.4342500000000005,10.65575,40.213750000000005
32.7445,20.12325,51.959
18.376,21.22625,47.641000000000005
34.21625,22.639249999999997,50.848
24.80475,13.07225,27.6525
27.7265,27.995125,47.769625000000005
37.04075,16.41075,44.971000000000004
40.54775,19.99675,49.431
11.0215,30.6445,40.110749999999996
32.806,10.3205,24.405
33.2085,25.46875,45.68625
6.1565,5.183,46.851
40.292,23.604,48.732
19.636375,8.90025,27.822000000000003
27.788,28.1995,46.5835
38.312374999999996,13.758500000000002,37.645375
11.97525,7.690250000000001,36.47775
6.368375,29.281625,47.319125
13.47925,19.80475,31.266
31.727249999999998,7.6395,31.72775
7.3256250000000005,30.715875,48.549875
7.078,3.706,30.484
14.54,13.69,28.854
31.496000000000002,16.05275,28.972250000000003
7.204750000000001,27.581249999999997,46.297250000000005
21.32875,16.839,32.900999999999996
-1.9735,19.685000000000002,45.6555
26.09175,21.8935,49.85125000000001
26.227249999999998,2.2305,31.792875000000002
38.150375,21.79175,51.162
0.41625,16.9415,45.067
21.00075,27.1725,38.56375
20.9035,13.0785,46.865
43.761,18.153,46.353750000000005
32.953500000000005,14.416250000000002,28.573
34.91825,16.636,40.251
4.45425,26.403999999999996,42.12325
31.979,26.643,45.849
29.83,4.27975,25.7855
3.12,9.271,34.423
12.776,8.425,36.2225
35.351,15.376750000000001,31.3045
0.050875,13.70625,33.880375
26.046,18.966749999999998,47.13825
16.625,1.46925,32.1085
5.5275,20.539749999999998,29.5205
14.109,1.0764999999999998,30.5145
15.615499999999999,19.095750000000002,35.134
15.1395,18.014499999999998,29.874499999999998
27.30425,20.69875,36.89
14.9815,29.796999999999997,47.6445
15.60325,20.912750000000003,47.769999999999996
6.3205,22.288375000000002,46.29975
4.0945,11.3925,28.738999999999997
29.942,20.728,36.482
9.195,16.817999999999998,44.075500000000005
29.363999999999997,28.728499999999997,39.32325
10.50925,18.063499999999998,29.69325
30.683,18.8415,34.0055
36.923500000000004,15.722750000000001,45.6935
33.4455,16.226,28.545
9.594000000000001,7.52,28.325
16.573,-0.107,31.187
40.965,15.4215,42.363
10.0515,24.728749999999998,49.977500000000006
21.372500000000002,16.060499999999998,32.104
7.948,18.846,51.644
9.49075,22.02875,29.504
38.264250000000004,15.451625,49.218875
2.2664999999999997,14.0,42.759
13.9225,31.621000000000002,41.378249999999994
21.4945,7.7170000000000005,24.16825
11.629,9.537,25.559
1.597,15.761,34.960750000000004
13.39725,31.86175,40.4565
14.068999999999999,15.758,47.097
7.579750000000001,3.5382499999999997,33.524750000000004
5.933,3.6,31.694
28.09575,28.6545,41.06375
1.4642499999999998,4.35475,42.215
22.555999999999997,2.702,34.295
10.21425,29.854750000000003,40.441
32.354749999999996,27.533250000000002,40.77525
15.75,2.8815,28.076500000000003
16.1235,5.185499999999999,27.971
24.9485,27.82275,38.3725
10.2375,8.70475,28.103
41.19175,21.41875,46.08925000000001
24.547,19.23,47.112
29.18775,12.5425,40.35575
41.479,19.441499999999998,47.48075
34.2565,21.76725,44.695750000000004
9.079,11.051,44.136
20.616374999999998,9.100249999999999,27.479625
8.7025,3.9165,30.691
24.1535,2.9297500000000003,35.5225
31.569,7.121,30.781
29.289500000000004,6.016249999999999,35.352500000000006
38.3125,15.661,35.581
11.456499999999998,30.606,45.2715
9.31,22.92875,49.56375
21.26625,11.86375,41.32925
0.3195,19.7,37.621
23.0385,8.63675,40.283500000000004
42.085750000000004,18.6175,42.594750000000005
8.24925,27.90625,45.191500000000005
12.07925,22.6,48.748
24.532,20.39875,49.96625
39.598,22.05,51.334999999999994
0.7555000000000001,16.8995,35.076499999999996
4.93175,20.689750000000004,39.206
25.31925,17.6905,27.371000000000002
2.8360000000000003,17.457,45.090999999999994
10.123000000000001,29.486,49.3355
41.991249999999994,13.912749999999999,42.797
8.301000000000002,21.87775,39.9175
14.583499999999999,20.633249999999997,48.4395
33.96625,26.585250000000002,35.13175
32.283500000000004,29.174500000000002,35.1125
18.233125,8.484124999999999,28.326249999999998
27.581,10.135,22.316499999999998
25.977,5.6425,26.076999999999998
13.804,13.555499999999999,39.87125
35.233999999999995,21.865499999999997,45.471500000000006
26.352249999999998,16.28825,43.045
26.130499999999998,5.053,36.096000000000004
7.948,3.514,45.114
27.096,21.837,33.545
24.719,2.901,31.116
27.9205,9.27125,40.339
12.9175,13.28925,41.448499999999996
36.42375,23.28625,51.396249999999995
39.37,22.128,45.369
9.79375,5.082750000000001,32.673249999999996
8.127500000000001,7.77425,27.785
7.74625,30.99675,45.792
19.18625,19.54625,46.21125
0.747625,12.869,29.161125
27.051750000000002,15.691749999999999,25.6585
2.5737500000000004,13.73,41.738
15.4535,25.48925,34.884249999999994
15.3385,12.6845,41.8535
-2.1075,18.5985,43.158
29.726,9.588000000000001,26.7095
27.871,29.6875,33.688500000000005
0.39375,13.18075,34.9955
36.261,9.331,38.523
21.5,26.72,50.448
19.302500000000002,23.082250000000002,50.6335
35.5925,9.847249999999999,39.0945
39.973749999999995,20.55475,35.43
5.1625,24.0655,43.366749999999996
14.578,25.1435,37.549499999999995
7.74125,19.532,31.5195
11.791,4.568,31.839
23.422,10.39525,29.444000000000003
4.64975,6.594250000000001,29.144
26.961750000000002,7.89675,37.917249999999996
18.2955,7.285,33.253
4.151,26.832,47.649
23.268500000000003,12.44725,24.07825
35.242,10.85175,34.4085
15.84,30.55425,47.339
34.53325,9.836749999999999,39.1495
38.316,16.159,38.879
5.864750000000001,6.1995000000000005,45.12125
38.3055,21.534750000000003,39.19475
32.50149999999999,32.754999999999995,36.791
24.6355,7.733499999999999,22.252000000000002
9.404,4.9245,27.209000000000003
9.573,26.127000000000002,51.154
18.363,26.704500000000003,51.756
31.77,19.929499999999997,52.429500000000004
18.396500000000003,8.402000000000001,39.599999999999994
23.55175,16.20175,33.6875
34.248000000000005,24.4925,41.5085
11.006,28.852,49.3525
9.23125,10.946,27.46125
35.4165,24.610999999999997,50.2915
32.976,31.9045,36.03
40.84675,14.35625,42.4135
39.032,14.3855,36.08175
29.44075,26.73825,47.69825
2.23425,4.0595,43.61575
21.7025,11.793750000000001,21.972
16.45875,29.060499999999998,39.059
5.5344999999999995,4.052,35.4075
33.2645,8.31325,29.9205
24.489250000000002,16.67825,24.555999999999997
41.104,16.518250000000002,42.857
28.194,11.4775,22.295749999999998
21.186750000000004,10.24925,30.55675
16.975,28.28925,35.0385
27.351999999999997,19.904,50.132000000000005
32.72125,20.048250000000003,49.16674999999999
6.00275,24.055500000000002,50.408500000000004
13.4515,29.5465,38.50925
16.652,21.44625,47.7775
3.7102500000000003,3.92475,32.52975
7.84175,4.20125,44.2385
18.062,21.23,35.916250000000005
2.09175,16.41525,39.57875
31.1665,27.63575,33.62225
28.082,6.507,32.367
39.20575,16.88425,48.91775
31.969749999999998,9.587250000000001,24.30925
21.222250000000003,25.766750000000002,50.790000000000006
39.95775,11.282,46.26375
20.30775,25.31575,51.168
32.467749999999995,25.33375,48.832750000000004
3.744,18.8985,43.6995
30.86025,8.742999999999999,38.26075
9.381499999999999,21.423000000000002,52.9535
23.5385,12.072,22.75525
36.79675,16.84425,48.656499999999994
27.048750000000002,17.23425,30.271
39.33525,23.400750000000002,47.69625
4.03475,25.56425,40.7825
31.71375,8.536249999999999,24.798499999999997
23.99,30.2285,42.864999999999995
22.92125,6.9875,27.81275
1.8755,6.8165,45.563
1.8947500000000002,21.61925,37.50625
7.7195,20.58425,34.22525
1.2205,8.59375,43.8115
8.2275,18.13675,47.699
2.90175,19.773249999999997,33.8955
28.54825,27.19475,48.26675
35.70275,20.8655,49.0625
30.883499999999998,14.32,28.468
18.362000000000002,13.203,45.2035
29.784,15.02675,26.274749999999997
11.39275,21.70625,40.527249999999995
12.4565,16.6015,48.385000000000005
27.469,12.598749999999999,21.643
6.5965,29.2,49.8065
23.9195,26.033,34.10625
2.309,20.411250000000003,34.705
3.4627499999999998,1.01,46.3215
19.384500000000003,9.8965,42.138999999999996
34.25625,23.432000000000002,41.771750000000004
2.28775,3.6637500000000003,44.679
32.2395,13.02,27.7335
22.247999999999998,3.74125,34.24675
28.798000000000002,16.74225,33.75375
38.714,13.40725,35.829499999999996
38.1555,25.096,48.510999999999996
3.8267499999999997,16.4565,44.983000000000004
17.436,28.546,43.31325
8.350999999999999,20.84675,53.68725
1.928,10.9885,29.99225
18.461750000000002,13.160499999999999,28.96275
20.083,18.763,45.533
30.4625,23.89875,51.722750000000005
40.19025,25.134,50.226
10.893,29.244,48.218
16.881999999999998,30.41575,47.0135
16.83975,29.548499999999997,43.75425
34.90275,6.91625,36.96875
14.276,25.335500000000003,48.652
17.07275,7.41025,40.3945
18.62725,0.5822499999999999,28.25975
38.5235,16.9715,38.226
24.445,10.793,40.3535
25.2255,27.68575,41.0325
18.34,8.9505,38.690250000000006
-0.12,7.1895,44.35425
1.83,6.715,39.988
30.430999999999997,5.0115,26.44075
32.58975,22.887,31.7315
12.047500000000001,30.175,46.8555
-0.27549999999999997,12.65,34.18375
17.44975,15.709249999999999,46.63875
19.4,24.341250000000002,51.040499999999994
27.836000000000002,3.3114999999999997,25.34175
37.483,16.469,41.636
6.6015,4.0125,42.692750000000004
30.2245,21.104,51.865249999999996
47.572500000000005,16.43925,43.9005
14.27525,10.973500000000001,26.509249999999998
27.238500000000002,29.544,34.53475
9.7285,4.433249999999999,30.752000000000002
38.5325,10.681249999999999,45.62825
39.71375,10.43675,45.26475
34.417500000000004,16.45,42.191
6.36625,14.82925,26.348999999999997
29.7335,14.85175,25.26025
26.89925,6.05175,37.573
19.481,9.542,38.3875
25.941,28.5835,42.977500000000006
40.562749999999994,12.310749999999999,46.67575
3.259,5.77725,33.916
11.679749999999999,7.627750000000001,40.40275
6.386749999999999,1.40125,43.765
29.526,20.334500000000002,49.34675
20.75325,20.033250000000002,32.7165
32.55725,7.582,30.718
14.5195,29.0595,39.903499999999994
28.3205,31.73375,36.73525
15.61325,17.089,48.98425
37.036500000000004,25.216,48.228
16.33475,26.229,34.163
3.2175,13.56025,43.7505
3.88625,17.69225,44.9885
16.795,29.183750000000003,47.47825
31.31875,14.4795,42.154250000000005
18.91975,11.296999999999999,43.300749999999994
11.803,13.9825,28.142
7.618,20.0255,53.019
33.9285,9.9145,32.89475
9.938500000000001,26.988999999999997,41.561
23.6565,9.3935,40.923500000000004
34.89775,17.059,41.50475
2.534,5.83325,48.025000000000006
2.6414999999999997,12.4405,40.796499999999995
15.1455,9.157250000000001,28.5015
-0.48475,7.1495,43.30875
-0.36825,19.8985,45.7125
2.862,4.75525,48.24875
22.582749999999997,16.593,35.56775
19.19175,27.885,42.29775
12.964,12.93225,44.76525
5.205,27.24925,41.439
25.814999999999998,32.344,43.678
9.153749999999999,19.34875,25.535
-2.7445,18.840249999999997,44.193
38.99,20.9805,34.494
30.87,16.954500000000003,49.063500000000005
23.375,1.5230000000000001,33.213499999999996
13.653,13.544,38.86
2.1305,11.975,28.886499999999998
33.1695,10.090499999999999,38.424
16.034,15.219999999999999,29.589
23.947,21.281,49.905
17.92925,29.47625,43.6735
4.58525,20.586750000000002,29.0435
33.1525,16.7905,44.22025
10.814,16.7765,44.605000000000004
37.5825,17.7015,40.420249999999996
26.108,25.29325,49.625
30.49525,4.46075,27.493
10.72,5.951,39.027
34.643,20.872,34.673
29.88175,16.737000000000002,34.472750000000005
38.664,21.275,44.66825
34.194,25.939,38.049749999999996
12.76825,23.980999999999998,40.155
17.19875,27.365499999999997,34.56975
15.05075,8.412749999999999,40.103750000000005
6.4555,15.786999999999999,25.88875
5.542,6.3125,46.613
30.40875,7.219,38.927
6.38025,19.9185,49.16075
15.6835,16.0535,47.2365
28.76225,29.2185,33.45425
10.1945,24.81675,43.3725
35.424499999999995,12.47575,37.0195
26.19475,27.6355,36.66975
1.2334999999999998,17.316499999999998,29.376
24.439500000000002,27.897,41.736000000000004
13.06475,8.807,26.039749999999998
29.490499999999997,27.1875,46.170500000000004
2.141,8.00975,45.07325
26.58,13.886,22.948500000000003
15.7195,29.069499999999998,40.035
26.043999999999997,29.73375,45.28375
31.722499999999997,13.282499999999999,40.131
12.849499999999999,31.027,43.525
21.81275,15.277000000000001,27.377000000000002
13.346125,28.288625,48.540625000000006
12.764,2.8015,30.560000000000002
15.2745,30.615000000000002,44.519
8.0845,5.79025,37.6335
23.53475,20.175,49.126999999999995
33.78425,12.14925,26.295749999999998
39.875,15.533750000000001,43.003249999999994
11.6015,31.538,39.759
12.9895,29.462,48.566500000000005
15.405999999999999,28.76925,42.376000000000005
22.06575,18.218249999999998,26.7295
18.72675,0.07974999999999999,29.86875
0.63425,10.983,34.240249999999996
7.8765,3.7045,29.80325
37.258250000000004,23.03825,42.10925
32.621,17.011499999999998,47.934749999999994
26.1535,29.2065,44.429
29.57875,27.225749999999998,44.972750000000005
28.666,16.561999999999998,42.932
36.3035,25.044249999999998,49.17725
36.257000000000005,24.717,37.386250000000004
23.2185,12.39175,46.216
12.822500000000002,28.646,37.792
4.26825,4.59575,39.558
-0.614,16.46975,45.12575
10.514,27.79675,50.12775
25.55475,9.90325,39.88125
34.379,23.112499999999997,35.6885
-0.35775,22.15,43.115
30.68375,17.567,35.677499999999995
9.51675,21.94725,28.054000000000002
17.404249999999998,20.525,36.809250000000006
1.874,5.438,39.431
32.6415,27.065,34.765249999999995
13.971,23.563,38.275
6.72925,30.017000000000003,49.073
10.1175,26.894,50.77825
31.84375,14.9575,29.032249999999998
10.437000000000001,20.354,26.859
-2.0562500000000004,20.833999999999996,44.15775
25.216625,27.64575,39.51712500000001
12.37725,4.93625,28.32275
6.5765,3.3925,33.3965
34.23525,10.38925,26.99775
38.6165,21.136,40.3635
17.063000000000002,16.9625,48.531
33.77225,11.26775,25.21725
23.5955,22.869,30.916
24.853749999999998,21.369500000000002,31.43075
7.8675,3.4105,31.20825
37.2635,15.082,34.31925
0.0115,17.1055,33.176500000000004
18.485,10.43475,42.4915
13.52275,6.9510000000000005,32.81975
22.19375,7.1905,24.782
36.137249999999995,22.15275,42.91025
29.51475,7.3,39.693
12.108,7.410500000000001,35.51275
40.90475,20.259,42.807
1.1815,5.9102500000000004,40.199
16.639,19.2235,35.168
10.482,21.31625,30.18
23.285249999999998,4.1739999999999995,30.43125
26.445999999999998,5.952500000000001,32.25
2.77775,11.2135,28.933
31.7085,22.63225,29.72375
36.292,15.80975,46.5245
6.6745,4.609999999999999,35.7575
30.616,15.55075,48.29275
46.229,15.825,42.619
37.814499999999995,25.1405,40.3755
16.32575,26.70325,48.777249999999995
9.183,29.93275,42.373999999999995
32.94975,16.69775,46.885000000000005
9.649999999999999,20.45375,53.376000000000005
12.79075,31.333,39.6115
31.833,8.3635,26.13275
18.255499999999998,15.0665,29.708
5.94425,22.05725,49.070499999999996
5.9399999999999995,25.72275,39.695499999999996
5.615,18.7555,37.2435
13.949,29.136249999999997,48.62050000000001
21.276,17.544,26.857999999999997
14.133500000000002,26.736,48.1105
35.52475,15.73225,28.81075
8.967,29.5345,49.71125
33.3605,9.07375,29.04775
34.838750000000005,21.722,43.295
4.158250000000001,25.12,41.90875
5.148,23.638,49.73075
26.262,28.092750000000002,49.072
35.781,16.3965,33.956500000000005
8.162749999999999,14.2205,27.95775
21.171,28.877000000000002,42.4825
30.56775,18.98525,35.31275
13.0555,25.73825,48.14125
29.704,22.35375,30.282
37.75750000000001,13.042,35.457499999999996
28.18575,17.14875,30.264249999999997
10.5885,18.622,52.587
20.283,18.974249999999998,32.70225
44.8885,15.808499999999999,46.7525
12.577,20.372999999999998,49.3085
16.06075,28.328,35.554
11.3,20.878,51.971999999999994
12.648499999999999,16.092,45.61725
1.477,4.181,45.756499999999996
44.917,14.0815,44.622
33.9885,14.132,29.1075
26.822499999999998,26.5885,49.17675
3.0515,20.5875,35.644999999999996
9.16425,18.261,51.32025
39.474000000000004,23.661250000000003,51.551249999999996
9.0525,21.1605,30.628
21.0395,18.32025,45.79925
3.3232500000000003,9.062,35.503249999999994
38.15625,13.07625,45.70075
6.753500000000001,6.2705,38.225
27.45625,16.728499999999997,33.91525
12.331875,25.076375000000002,38.593
32.23325,30.22975,35.1965
5.734500000000001,2.9515,34.313500000000005
21.076500000000003,10.0075,21.05
39.2705,21.55575,35.693
20.44775,8.94425,22.7045
26.240000000000002,-0.8160000000000001,33.4805
11.422,26.7095,37.999
19.42625,27.3065,40.19725
38.886250000000004,17.31325,36.19799999999999
28.319499999999998,23.38675,47.80175
32.397,23.07,32.943
20.575,26.59075,51.0265
30.61075,22.87175,33.817750000000004
22.088749999999997,12.723749999999999,47.022999999999996
45.683499999999995,14.6275,43.778999999999996
29.14725,32.61775,36.59725
1.63475,13.0145,28.66525
2.71425,22.962,41.278000000000006
19.6535,9.5525,41.026
16.7315,3.85425,28.36775
22.95,21.713,48.664500000000004
24.834000000000003,32.774,43.141000000000005
37.031,14.7485,45.929
8.702,4.503,27.9015
39.284000000000006,18.4685,38.1255
4.7085,18.060000000000002,44.409
28.687,16.7745,26.997
37.7525,19.552,39.9895
16.20275,16.5785,29.81275
33.236000000000004,17.20525,28.6545
17.419,20.71475,48.08325
32.882,7.777,35.331
22.637500000000003,24.752499999999998,32.558
0.023749999999999993,16.000500000000002,32.887
5.1587499999999995,20.12775,28.302999999999997
39.614000000000004,18.5835,36.14775
9.91725,20.3335,34.587
1.1413125,10.4395625,31.323812500000003
36.241749999999996,19.97775,48.43925
12.288625,13.219875,38.119375000000005
18.864625,8.921,40.35525
28.889625000000002,22.914749999999998,31.679125
28.19675,17.61425,49.464749999999995
34.725125000000006,14.454375,29.844499999999996
13.3935,3.94075,28.528750000000002
27.6685,13.3175,22.494500000000002
23.268124999999998,13.180499999999999,41.77575
32.464,7.80775,36.315250000000006
29.07075,8.363249999999999,26.590500000000002
10.963625,20.69825,32.235375000000005
3.825,1.63575,45.15775
13.3335,30.068624999999997,46.68575
19.23875,6.793749999999999,33.173500000000004
23.94125,11.30125,22.083625
27.57,8.28375,38.902249999999995
18.430999999999997,27.458750000000002,47.900999999999996
9.321,27.759,41.88
6.1875,26.36825,44.396
4.6534375,24.653062499999997,42.727125
3.57475,9.29,33.352374999999995
37.981125,17.775875,35.679375
7.7175,3.0285,32.364999999999995
4.776,20.3125,43.224000000000004
6.625125,30.128999999999998,47.988125
2.3842499999999998,13.394875,40.55975
5.8294999999999995,11.596499999999999,44.7445
1.4024999999999999,4.973625,44.790375
20.701,27.976374999999997,41.479124999999996
39.309,12.80625,46.615875
41.393,12.831,47.076
26.5595,4.3645,26.304499999999997
11.3305,7.031000000000001,39.460499999999996
14.16275,12.831624999999999,43.269499999999994
25.60275,16.404,30.089
12.093,20.28575,33.522999999999996
25.455875,21.0855,34.623625000000004
22.856,25.1695,45.998000000000005
14.5855,1.43975,31.543
4.661125,25.22175,49.118875
37.129000000000005,16.4015,42.681
6.761625,14.3705,43.0925
33.769125,19.1114375,33.065374999999996
4.94225,26.52875,46.2475
9.103874999999999,19.26725,36.691625
1.734375,18.76075,32.68075
25.701625,6.58075,25.425625
0.7195,14.132249999999999,29.1675
17.234624999999998,7.821125,28.67725
38.6695,24.229750000000003,40.82675
24.967875,26.473875,34.06325
20.13175,29.11825,43.906125
18.866625,21.954250000000002,35.344375
30.015249999999998,7.687374999999999,25.7025
37.717,18.994,34.81325
35.576,13.968,37.74225
22.9395,33.03975,43.643
32.290499999999994,13.823375,37.845625
29.45675,28.21175,33.262249999999995
34.741125,25.031625,38.4655
9.54975,11.857875,40.162125
30.105,18.873,50.006
22.714,27.893375,39.978
2.0935,16.00125,38.607749999999996
0.5355,17.741,34.4895
2.552375,9.863125,33.591875
12.916875000000001,19.866500000000002,50.156875
17.759,23.192750000000004,48.894625000000005
5.893,21.33125,39.345
1.672625,2.172625,45.649
21.904249999999998,23.85325,48.92274999999999
5.022374999999999,15.60525,27.78875
22.317999999999998,28.631749999999997,42.454750000000004
31.049625,24.99625,29.93075
5.5415,16.028,26.493375
21.297625,21.690624999999997,33.979
34.244875,8.345625,34.8955
9.132,10.351,40.669
38.07775,20.372749999999996,39.022375
3.4124999999999996,9.93875,44.2235
9.916,17.363,48.614
33.034125,28.342875,36.72025
6.11575,7.0,44.075500000000005
1.038875,18.571875,29.646124999999998
31.193125000000002,22.008375,53.629125
11.507000000000001,29.719875000000002,47.585499999999996
16.00925,8.102374999999999,40.474875
18.0615,22.249000000000002,35.919
37.323625,25.518625,39.237750000000005
3.6350000000000002,5.4818750000000005,47.81025
9.84775,20.946125,33.74875
11.33425,12.599,38.264250000000004
7.628875000000001,24.031750000000002,40.691500000000005
28.6235,7.447,27.37125
18.824624999999997,13.326125000000001,30.03
10.956,23.582,48.826
28.47025,27.804875000000003,45.476375000000004
8.118875,26.69275,50.2804375
34.29675,20.825000000000003,48.19925
42.031,15.1405,42.24525
27.97025,16.134999999999998,36.410125
7.0722499999999995,19.860500000000002,26.89425
23.4505,7.32075,24.90975
11.206,12.771,25.566000000000003
27.564,22.736,34.504
16.632875,2.566,32.304125
27.374125,27.532875,48.66825
27.2285,9.707,23.4485
6.71725,18.755499999999998,38.038875000000004
34.541624999999996,26.284875,36.757125
7.109249999999999,19.6665,34.3895
38.633375,22.350625,38.474125
5.820625,26.9515,43.582875
9.72025,20.866375,32.65625
30.93275,8.796875,34.060625
34.977,17.325,46.77912499999999
31.422375000000002,7.860125,36.461000000000006
17.726125,27.055875,48.966375
13.683375,30.171375,47.649625
7.7402500000000005,28.46875,46.010000000000005
18.232875,8.015374999999999,34.131
26.661125,3.3303125,34.553687499999995
3.91025,20.058875,36.042750000000005
9.247499999999999,16.64225,28.651249999999997
24.384875,11.3225,29.400875
28.775625,9.991,24.416875
37.564,15.278,39.339
14.70425,3.14075,27.807499999999997
3.948875,5.305250000000001,38.856125
30.97,23.3425,53.785
4.575749999999999,10.232,36.683375
26.229,27.5475,39.4595
28.634500000000003,25.20775,30.289250000000003
30.84475,22.396124999999998,34.731875
21.445,25.592000000000002,48.61275
29.59875,31.680374999999998,38.772625
36.8695,23.362625,37.6485
20.381,9.496624999999998,21.581625000000003
27.378124999999997,3.8596250000000003,28.437375
4.09225,24.10525,46.21275
7.42525,15.588000000000001,43.14725
13.118,18.112,33.069
25.087125,7.1805,31.03175
29.127,3.1755,25.75225
16.426000000000002,24.4225,35.451
17.8215,6.42525,32.80925
5.40825,5.1370000000000005,30.433500000000002
15.950249999999999,23.975749999999998,47.949
5.69975,26.24475,49.297250000000005
13.411125,18.677374999999998,50.450625
43.822500000000005,16.05025,46.67400000000001
23.83175,18.033749999999998,36.822375
43.62925,18.776375,44.38525
26.698375,22.018124999999998,35.83125
38.010125,24.88975,38.5185
8.090625,18.422874999999998,46.38475
11.546375000000001,7.1295,34.362375
16.316375,2.0631250000000003,28.361375000000002
11.532875,19.3535,38.470875
0.26425,8.308625,43.709999999999994
31.16475,27.73775,39.887249999999995
14.52325,8.077625000000001,34.926500000000004
33.776,9.241000000000001,30.45975
22.618875,20.154375,34.858125
3.14325,4.0767500000000005,42.460750000000004
14.867999999999999,28.6815,48.293000000000006
6.882,26.882,43.483000000000004
19.191125,29.539,46.00475
27.841875,23.334125,31.107
7.57025,21.81875,51.415125
23.225125,25.097125,34.244875
5.4475,5.129,47.608624999999996
19.4035,10.9955,42.427499999999995
31.474375000000002,12.29575,23.912625
40.29375,20.859,50.35025
7.10275,5.3115000000000006,36.495000000000005
0.276,17.064500000000002,32.161
30.804125,18.344375,36.400875
1.1364999999999998,19.264125,30.392125
1.1505,11.9285,29.40925
33.11,13.3925,28.615000000000002
35.1995,21.702624999999998,50.384750000000004
40.43,16.1845,48.979
26.54025,20.894750000000002,50.17425
8.098749999999999,13.708874999999999,43.10625
6.710875,4.97175,28.49525
27.007125000000002,17.1985,43.442625
13.961,16.476,47.99625
29.148249999999997,18.03375,50.076750000000004
30.630499999999998,7.6955,31.482750000000003
37.807500000000005,21.291375000000002,34.922875000000005
17.17125,18.24325,31.904625
22.64275,10.948,30.0495
22.81875,24.061750000000004,33.58275
15.61275,4.088,28.142000000000003
5.1625,6.339,30.239
6.346,9.470500000000001,45.167125
4.0138750000000005,21.261125,38.384
5.640000000000001,19.4,34.570499999999996
30.255,19.666,36.083
23.852249999999998,14.579,25.516
28.57575,8.89725,28.649875
26.9225,18.2685,47.298500000000004
40.935875,20.39925,44.17175
11.007000000000001,7.8315,37.396125
10.403500000000001,18.97725,29.028125
26.96375,28.554000000000002,43.40075
37.512375000000006,18.566375,39.618875
25.354,16.512,37.3425
38.521750000000004,20.7455,43.75625
24.946375,2.1355000000000004,31.75825
33.307249999999996,19.92875,48.209875
18.1005,22.073,48.302
36.235625,22.87675,46.046375
33.631,25.444000000000003,38.82875
4.95075,6.019125000000001,31.311374999999998
8.9665,29.966625,44.496125
18.204875,19.977375000000002,47.23725
29.285625,16.0375,26.500375
2.8591249999999997,18.41525,44.616749999999996
14.189,21.052875,37.339124999999996
13.021249999999998,24.13175,41.20425
24.0285,31.30225,47.280249999999995
5.2245,19.2255,36.1
38.673,23.942,38.607
6.764749999999999,19.283250000000002,32.004000000000005
29.824625,10.778125,23.958375
41.59675,15.764125,48.286125
1.33825,10.5465,36.35725
10.462250000000001,21.679249999999996,29.18525
20.988999999999997,17.954,33.394
42.754999999999995,14.194875,43.5588125
27.1515,11.688,39.9255
8.41225,23.473,41.70975
20.8775,9.1265,20.552500000000002
32.077,27.383000000000003,44.4555
3.1155,8.3505,31.355249999999998
36.11925,8.68625,35.756
4.851625,4.7536249999999995,31.3735
12.814625,3.7227500000000004,31.10125
24.243499999999997,6.8382499999999995,36.97525
28.836,17.21675,45.1205
31.48925,24.908499999999997,49.038875000000004
37.594750000000005,14.088,38.554500000000004
36.13575,16.872,35.046875
5.600250000000001,19.314375,31.7545
5.56275,14.79375,27.55825
17.236625,23.4315,35.901625
3.510125,6.373875,35.997
38.93,21.2235,50.647
8.971125,11.420874999999999,28.579375
22.535,12.6845,43.2825
1.91075,19.635875,29.096375
27.01675,5.39775,36.5565
43.0305,17.9665,42.48725
30.91975,26.7785,46.669
21.271500000000003,30.005000000000003,46.44725
25.509625,29.191125,47.32275
32.044,9.1835,28.280875
31.442999999999998,30.18625,34.293375
7.1857500000000005,11.9835,44.79125
31.63125,19.73825,51.42425
24.55275,7.9155,38.2735
6.70775,21.99025,47.833749999999995
16.284750000000003,4.4384999999999994,31.775
31.36725,32.73375,37.434749999999994
15.7125,28.3075,37.744
23.991500000000002,13.179,45.673500000000004
-0.994375,12.77075,30.679499999999997
2.875375,14.14075,39.86225
2.29525,8.819624999999998,43.222125000000005
10.8805,20.761499999999998,39.2225
13.1935,23.393625,47.924125000000004
36.66075,23.79875,46.650999999999996
14.5855,10.402,40.393249999999995
22.571875,22.80325,31.168374999999997
17.420625,8.029625,39.27175
27.576375,22.795625,35.676874999999995
6.7585,3.501375,32.336749999999995
18.054125,27.8405,36.666000000000004
4.394500000000001,9.7495,45.143874999999994
15.135125,27.66325,36.915625000000006
12.312999999999999,26.31375,40.89375
23.628500000000003,16.788249999999998,36.760875
26.527625,8.866624999999999,38.53937499999999
22.593,10.15925,28.89525
38.044250000000005,22.76275,41.18575
20.860999999999997,6.589625,34.386750000000006
22.458,13.901499999999999,31.59525
27.83175,2.8265,27.850749999999998
2.851,23.075,40.2125
0.4135,11.886,34.959
14.4495,8.78375,36.98975
3.8115,23.862,40.2965
39.318749999999994,15.27175,48.896125
8.2055,20.304499999999997,30.787
9.40675,18.36025,26.63825
18.435375,27.484375,41.551249999999996
15.501124999999998,22.966250000000002,36.949625
36.808,17.46425,35.53675
10.71275,12.796875,43.080124999999995
0.6655,11.13575,35.8475
13.6145,30.118375,44.504999999999995
28.343374999999998,19.7475,38.08525
23.5725,19.5655,47.1505
1.845,8.592500000000001,41.936
9.732125,4.070875,31.944125
31.0945,9.53,27.225
4.32,19.378500000000003,33.64675
30.548,20.452,51.154
30.623375,26.095,47.617999999999995
10.421125,19.50125,35.191874999999996
29.3358125,16.317687499999998,28.0605625
24.073999999999998,22.26575,49.58325
26.116125,5.581250000000001,24.974625
33.3855,25.1055,35.22425
1.5398749999999999,16.72275,44.466625
39.293875,10.29675,43.901125
3.9074999999999998,8.4405,45.729
7.940875,20.69975,47.37975
22.725,9.57475,40.527875
4.683624999999999,6.65425,38.087999999999994
35.22024999999999,24.44275,35.529250000000005
9.32875,24.965875,50.652875
25.811374999999998,3.1731249999999998,31.685375
3.354125,8.852,40.812625
10.156625000000002,16.127375,43.8465
15.261,12.798625000000001,43.674875
7.9885625,24.5120625,41.842062500000004
11.3265,23.45825,42.7855
2.638125,2.510875,44.988
8.626000000000001,10.003,28.1355
11.202874999999999,24.618250000000003,43.366625
30.50375,16.136249999999997,28.74575
7.583,22.988,39.448
7.168875,4.4041250000000005,45.036625
33.238125000000004,20.758875,34.767875000000004
8.780999999999999,8.753,28.204
17.116375,19.782,48.837
29.72025,23.116625,52.344625
26.439500000000002,1.2845,32.0985
3.7889999999999997,16.594,28.098
24.021124999999998,27.748874999999998,37.416125
23.498375,26.06275,46.338375
6.56175,5.92725,37.298500000000004
16.417125,28.673875,42.968
33.8475,7.453,35.5
23.713375000000003,19.162,46.10325
41.4965,20.571125000000002,45.228375
3.34075,11.834,41.538124999999994
-0.1935,12.216000000000001,29.62875
0.20474999999999996,16.849125,42.555125
37.8318125,20.0905,34.4420625
33.1665,17.7695,29.631500000000003
28.879875,15.355,46.419250000000005
41.777,19.513125000000002,46.08425
30.548000000000002,8.684750000000001,25.193875000000002
5.67,19.527,30.7715
35.822125,17.437625,30.949125000000002
4.05775,11.662375,40.150999999999996
45.913,16.74825,42.222
29.993625,23.2725,50.725375
34.912499999999994,11.404,37.26325
24.378999999999998,19.171,35.668
4.36675,11.568,37.486625
25.808875,30.7670625,45.0321875
26.2575,16.028750000000002,37.186625
8.7205,19.8745,53.54725
11.611374999999999,13.033125,42.001125
13.761499999999998,8.1665,35.9555
24.55275,13.420124999999999,29.122875
32.59525,14.84675,42.18725
33.4855,27.689,38.0935
31.567,28.221125,41.801500000000004
32.91375,26.34,46.196250000000006
3.86925,4.78775,32.002750000000006
33.223875,16.039499999999997,42.872749999999996
26.923000000000002,16.759,49.232749999999996
14.17675,1.1635,29.496499999999997
25.662125,4.710125000000001,27.3125
34.163125,24.283749999999998,50.393125
23.474625,3.04,31.6625
4.791,14.500625,28.522875
37.775000000000006,15.475,44.423
28.53425,19.177124999999997,49.510999999999996
46.91825,15.376875,43.34162499999999
23.60575,20.1015,34.681749999999994
1.09875,17.137,38.7615
10.335249999999998,13.6525,27.866
22.497375,14.751875,28.1695
38.377,22.639,44.924
11.937,8.98725,36.73925
15.76725,6.12,28.509
18.3633125,24.0246875,50.7106875
23.764125,15.577,45.1515
34.34125,24.553874999999998,39.427
38.752250000000004,20.455125,49.603500000000004
1.9798749999999998,19.322249999999997,44.529250000000005
10.68825,4.7105,30.995375
7.5426874999999995,16.592,25.8290625
24.96675,-0.636,33.477125
23.56675,33.592625,44.65625
37.546499999999995,13.9265,44.951875
33.48175,17.93625,30.811249999999998
33.901625,17.18725,45.207625
33.798375,25.87475,41.898875000000004
19.486125,26.6845,51.32325
5.51375,4.628,41.697375
5.520375,2.9575,33.285875000000004
7.23175,26.451625,41.655499999999996
19.803125,27.064,38.908500000000004
26.02475,16.07225,25.2105
18.519,27.662374999999997,39.914249999999996
18.816249999999997,9.38775,28.353
-0.20287499999999997,17.622999999999998,45.604749999999996
-2.047375,19.938499999999998,43.52775
4.0875,4.28325,48.214749999999995
36.296375000000005,13.23875,37.756375000000006
26.881875,16.427999999999997,26.37925
43.386250000000004,19.086,43.1345
31.2485,23.92025,28.869500000000002
2.31375,1.967375,47.643375
5.5125,19.522000000000002,38.617875
27.67775,2.6050000000000004,34.09225
30.6925,7.687,30.244500000000002
5.64575,10.660875,38.80775
26.878500000000003,26.627499999999998,31.651000000000003
6.6025,4.2013750000000005,29.59675
4.35425,7.467875,39.348875
30.014375,8.295,34.051875
40.159375,17.364375,48.56225
8.329,28.012,43.145
14.013000000000002,12.56125,39.184749999999994
24.821375000000003,19.94575,34.964625
34.188375,10.650875,38.05475
4.089499999999999,7.2675,33.841750000000005
6.7575,10.30275,28.38525
26.56325,8.745375,23.55025
7.925625,27.118000000000002,44.341375
35.2909375,25.36025,37.6946875
33.561375,17.546375,47.652375
9.80175,30.523125,43.212374999999994
42.904875000000004,14.74325,42.56575
23.4641875,25.379125000000002,33.20425
9.348125,9.326625,41.09225
15.204,2.2391250000000005,32.71125
28.9665,17.3645,43.948
6.882375,20.622125,51.683499999999995
11.301375,13.327124999999999,27.247999999999998
38.2523125,16.203125,42.445125000000004
37.158,22.917,45.263
27.98925,15.0535,25.295749999999998
24.816625000000002,25.18225,46.376375
20.753999999999998,19.488750000000003,46.034625000000005
28.393,22.306,48.0015
13.98525,12.10925,27.480249999999998
23.6575,7.30575,22.345750000000002
4.487375,11.07425,44.833875
12.0495,18.08775,51.32125
36.41475,14.322,38.72525
19.407125,21.505125,47.757625
28.079250000000002,28.89425,39.781000000000006
9.433,26.0415,43.11
13.490375,24.616125,38.498875
21.827125000000002,17.737125,35.1535
0.374625,18.540125,39.0125
27.437125,5.54075,32.93925
22.300625,16.349375000000002,34.213625
27.343375,11.257249999999999,21.71475
17.905875,19.9535,35.65275
32.018625,23.778,33.82525
15.8685,23.934,36.156125
15.31825,18.89425,34.0195
7.663250000000001,5.842874999999999,38.7445
32.87875,26.62925,40.76649999999999
16.755000000000003,19.514375,36.417375
29.435000000000002,5.547,27.869500000000002
21.93975,10.9615,24.17725
13.757749999999998,30.57175,40.99575
21.4345,10.3865,28.053
35.762874999999994,22.445625,35.809875000000005
16.5155,17.661375,49.593625
25.640375,31.883625000000002,45.463875
7.5015,27.4425,42.8665
16.9125,12.14425,43.900999999999996
7.98225,12.1485,29.04225
47.605500000000006,15.1415,44.427
3.816,6.054,32.217
35.371625,15.2699375,39.669250000000005
17.60175,27.193624999999997,50.6695
30.6855,17.722749999999998,30.509
21.7825,12.583375,44.042249999999996
21.78425,8.753625,24.961
29.92625,14.753,48.45925
29.344250000000002,26.374875000000003,30.2095
24.222375,8.523,40.19025
34.915,18.19325,32.23925
8.546,22.5075,40.688
17.0385,-0.47900000000000004,30.235999999999997
28.35975,11.717500000000001,40.062625000000004
30.252875,22.068125000000002,31.518124999999998
21.846249999999998,17.37225,25.99025
37.185,21.5575,51.044250000000005
8.724875,20.664,32.984750000000005
25.3235,20.343125,32.3025
7.8725,2.60675,44.321250000000006
22.008000000000003,8.146625,39.330625
25.39325,19.195999999999998,47.944500000000005
5.10275,7.01175,45.4515
11.205375,5.112375,39.704249999999995
21.63325,17.0845,33.9685
41.056,23.9665,50.466499999999996
21.546125,16.27475,26.622625
17.372625,11.508625,42.9815
17.73975,29.63625,46.775875
28.25125,5.99375,24.38175
38.423249999999996,20.05425,38.08925
11.60775,11.6235,38.152
27.058500000000002,-0.010000000000000009,33.332
4.61375,6.717125,27.933125
5.3325,18.94725,27.5775
11.743625,9.939375,37.682500000000005
33.395375,10.12925,28.30475
4.2787500000000005,23.484,42.579625
45.635,14.682500000000001,46.334125
20.012875,7.880625,27.252375
4.860250000000001,3.5382499999999997,32.01275
4.343500000000001,3.192375,33.41475
15.90025,28.677,41.269749999999995
34.91075,9.814499999999999,33.9005
25.160875,22.512375,30.99525
32.694500000000005,15.56725,28.81325
32.102125,24.225875000000002,32.775000000000006
10.514625,22.568375,48.897
13.4565,4.986625,27.81175
22.948375,7.077500000000001,26.631125
1.89225,22.348750000000003,43.868125
7.184,18.037999999999997,45.075500000000005
26.628,14.47575,42.2685
25.89325,15.995750000000001,31.094
26.520500000000002,16.98525,27.423250000000003
6.6739999999999995,3.8369999999999997,34.638000000000005
12.438500000000001,32.3545,40.16025
14.461500000000001,18.607625000000002,33.46425
12.357,29.271,38.8875
43.17637499999999,14.174,44.937749999999994
6.423500000000001,22.441125,39.067
33.036125,8.186625,31.75175
20.77225,15.25025,31.2615
11.616,32.521875,43.025125
8.273125,31.80975,48.050875000000005
17.6175,0.7919999999999999,27.939999999999998
28.057000000000002,18.207250000000002,38.29325
7.15325,10.716000000000001,45.79275
6.4435,16.72475,44.593
22.551875,33.161625,44.798125
7.3021875000000005,24.707875,50.352875
25.865875,-0.21787499999999999,34.3635
3.083375,19.70325,43.728375
41.80325,14.191125,46.924875
25.0665,5.7885,27.45175
5.093624999999999,2.07525,46.612625
38.87,15.971250000000001,38.064875
5.0577499999999995,11.07825,28.549
6.327375,8.382,27.497249999999998
21.342750000000002,12.964500000000001,41.965125
29.31175,23.414250000000003,33.92975
34.756625,25.7995,35.524625
24.831,4.768750000000001,35.809
2.889875,19.36525,32.9735
1.17325,16.211000000000002,28.95925
38.123125,12.971125,36.67525
21.969875000000002,8.061,37.85775
9.461,9.9195,27.10125
6.9855,5.92975,44.31875
12.990124999999999,14.888125,45.501125
27.724874999999997,29.672125,36.181124999999994
0.1235,16.7465,34.1105
17.250375,9.656125000000001,42.007999999999996
26.2695,21.3365,32.934
6.7517499999999995,19.211750000000002,30.8505
30.44925,6.55475,37.9315
10.7995,13.9165,44.886
28.58875,27.427625,46.867000000000004
12.5754375,12.456624999999999,42.225500000000004
7.3309999999999995,26.846625,45.36475
38.760875,23.734375,45.522749999999995
18.576999999999998,1.814375,28.472875000000002
6.717499999999999,12.521875,28.536625
37.775999999999996,16.4755,40.292500000000004
7.744375,20.53625,44.312374999999996
9.5815,17.5915,47.5015
10.22725,6.884875,38.226124999999996
2.2455,9.35975,31.362375
24.765,33.435500000000005,44.4845
30.209,3.642,26.85425
3.6304999999999996,20.704375,43.483
7.76575,13.21725,28.420749999999998
30.715,32.596999999999994,36.4615
30.88125,26.9655,45.323249999999994
26.4525,15.763125,35.933
2.1305,15.159500000000001,35.6225
12.68525,5.54875,33.117999999999995
15.6065,12.2245,28.819750000000003
0.09912499999999999,21.668875,44.427
2.875,10.291,36.267
15.503499999999999,8.400500000000001,34.50625000000001
14.6095,12.648375,28.585
31.8945,32.41475,35.80675
38.71525,11.817625,46.35075
0.745375,19.319375,36.57875
19.024375,20.763749999999998,33.461625
34.781375,16.473374999999997,28.31925
13.7345,22.4765,47.772000000000006
4.654,17.0365,44.8445
27.197125,21.74375,49.211124999999996
37.41,22.268,44.226
8.477,31.63325,46.92
33.78075,26.80925,38.48925
10.658249999999999,21.2349375,51.124375
10.142375,6.2852500000000004,27.499000000000002
31.058,11.067,37.434
3.9433750000000005,23.887625,47.40175
24.085,28.45275,38.4005
8.145,21.068375,29.809
41.133875,11.864375,43.573875
17.858375,25.333875,51.439
27.335749999999997,15.609124999999999,49.302
26.619500000000002,28.687875,48.032875
21.5315,27.459,40.406124999999996
38.802,24.002125,46.95825000000001
39.7775,22.6355,46.247
16.566,10.9275,28.181
37.927,22.911250000000003,37.97325
25.843625,32.933625000000006,44.66225
30.708625,26.12525,30.649625
40.6725,24.4625,49.490875
13.943750000000001,3.0173750000000004,31.645625000000003
7.5725,29.6635,49.997749999999996
13.2595,1.763125,30.310125
19.10875,15.493500000000001,30.5195
6.9045000000000005,18.1065,36.91775
22.004375000000003,12.8315,31.966624999999997
16.359250000000003,8.689,38.1295
28.9755,14.445,48.002250000000004
8.165,19.939,25.377000000000002
21.4995,16.479125,27.747625
39.869,14.2685,42.981874999999995
30.1415,8.30075,39.32875
9.551874999999999,10.818125,26.111125
4.8469999999999995,3.3752500000000003,34.77525
18.640375,27.237499999999997,36.048125
38.8815625,15.919875000000001,36.4663125
31.498,28.64375,34.289500000000004
3.754,19.835,28.63025
18.0535,4.289,29.293999999999997
35.29625,23.144000000000002,50.607
13.06425,2.37775,29.435250000000003
7.312,8.4655,28.0035
19.936249999999998,18.097250000000003,31.84975
1.9568750000000001,19.442,33.790125
30.115499999999997,19.107,37.427
25.699,13.59975,23.56525
5.196,24.27525,44.7525
26.87175,28.404875,34.001125
1.6845,17.652749999999997,44.82125
13.958874999999999,19.840375,37.90825
30.848,20.4565,52.4935
44.342625,14.70175,46.756
25.57075,11.057500000000001,39.8425
3.2760000000000002,10.018,28.15625
2.5295,21.431125,36.3005
32.76925,24.615,51.547875000000005
11.76425,23.54675,48.236999999999995
35.166124999999994,22.8955,46.11525
9.7585,4.6665,41.48475
31.892875,13.419125,38.83775
27.48875,4.4265,25.057625
3.933,20.790750000000003,37.190875000000005
15.1735,26.262,48.5415
41.06575,22.72575,49.48375
24.322000000000003,18.010624999999997,24.69375
17.110750000000003,19.725,34.009125
27.288375000000002,17.207625,37.945375
0.944125,19.304125,35.101875
12.5165,21.2795,48.748999999999995
18.4185,8.527750000000001,35.68625
15.655625,13.543,28.76075
11.0115,7.407,41.336
23.74475,22.728375,48.63875
30.870125,9.781875,28.198625
5.9375,18.07775,44.62975
18.601750000000003,-0.53775,29.01075
17.740125,27.839,42.6675
-0.842,21.1555,42.858999999999995
25.086375,23.98525,47.0655
17.00125,25.2855,49.463750000000005
27.872500000000002,22.6445,33.551
12.537500000000001,24.49875,43.066
27.681375,24.500124999999997,30.961125000000003
26.894375,27.659625,32.704625
8.366999999999999,30.722749999999998,49.089
44.508375,15.122062499999998,42.976875
7.20575,19.614625,51.91175
22.4925,18.724874999999997,45.698875
3.04725,9.17325,45.126999999999995
3.8361249999999996,12.497,43.852625
15.6395,20.180812500000002,48.6938125
31.531374999999997,16.651375,44.042625
21.61725,22.272,33.100125
12.032375,8.3015,26.304625
25.608249999999998,6.9125,24.2085
29.8075,16.780375,43.539500000000004
29.39875,9.193,39.546
2.543,9.464375,28.96725
35.58275,23.083750000000002,41.659
22.083750000000002,27.495,41.24025
15.67575,18.7495,30.713125
4.8475,8.322000000000001,40.072375
17.119500000000002,-0.6985,28.979125000000003
7.158625,31.18425,47.1835
-0.453,12.035,33.26
9.71675,21.34425,51.847625
32.071749999999994,13.448125000000001,26.485
44.181,17.9895,42.469
37.4151875,14.0084375,34.471875
32.857,14.39675,40.701499999999996
29.756124999999997,6.1728749999999994,26.26375
33.564062500000006,7.5196875,36.872812499999995
17.73775,29.133249999999997,38.748999999999995
21.81225,21.585375,32.181375
8.114249999999998,25.636250000000004,50.383250000000004
37.694500000000005,24.762125,47.22924999999999
16.619,14.375,29.34825
21.233375000000002,24.64025,49.559875
19.59275,5.2357499999999995,32.765499999999996
36.29775000000001,21.054000000000002,49.999125
30.5915,12.914625,38.829375000000006
34.6445,12.1465,33.844
7.72375,2.8659999999999997,45.98425
30.5275,28.09825,41.48375
8.398,24.18275,50.424375
0.445,22.86475,40.512249999999995
5.28725,19.368000000000002,32.90025
33.11125,26.812624999999997,45.109750000000005
9.000875,19.080624999999998,52.45425
14.611874999999998,6.908625000000001,28.559125
19.119625,25.57775,51.644000000000005
20.802999999999997,8.002625,36.941125
9.004999999999999,29.599249999999998,43.4005
36.214125,22.2315,50.908625
46.6335,17.619374999999998,44.076125
6.587,2.955125,47.282
18.490875000000003,15.751125,46.51075
15.38475,28.856749999999998,38.84875
6.393375000000001,11.42525,28.821125000000002
1.9261249999999999,13.400875,36.692875
14.76925,29.6705,42.8715
38.751125,13.350999999999999,42.89
32.12425,17.545499999999997,28.969
14.349250000000001,30.597749999999998,43.3645
12.617750000000001,4.6129999999999995,32.545249999999996
36.555,21.6545,44.9155
17.136375,8.159875,41.427499999999995
26.524,9.401499999999999,22.49725
30.73425,22.1285,29.7805
14.9565,16.4375,48.1215
25.682249999999996,15.909125,32.303
25.216875,29.21875,43.44925
20.244999999999997,25.130499999999998,36.979
4.2055,19.408,31.723
28.605125,8.322375000000001,39.9005
5.8895,25.563,50.487375
11.261,21.07675,33.63849999999999
25.88825,17.316125,25.956125
10.447,17.906375,51.376374999999996
24.749375,9.474125,40.311375
34.581875,21.02975,49.65725
7.79875,5.4037500000000005,27.95275
0.283375,14.862749999999998,33.39
28.954375,27.1985,31.687624999999997
15.75925,-0.9955,29.563875
5.92625,9.414250000000001,38.46575
13.725999999999999,13.994250000000001,45.5535
17.173375,12.98225,28.763375
27.597625,21.951,36.611374999999995
5.185,24.89425,50.099
26.043125,12.271875,39.948499999999996
18.3965,23.237499999999997,36.3745
40.507999999999996,22.26775,50.935249999999996
8.31925,20.921125,26.07075
23.100250000000003,6.2805,36.477374999999995
1.467,5.8557500000000005,47.049
19.487000000000002,7.68,34.376625000000004
14.654625,15.08675,29.247
23.07525,11.77925,44.966
9.9305,10.647749999999998,40.05025
5.1240000000000006,5.700125,28.325
10.6235,9.26825,26.7485
23.9285,21.125500000000002,31.744
25.4655,17.582749999999997,28.5405
7.5482499999999995,7.0885,27.261499999999998
23.003500000000003,1.7858749999999999,34.115249999999996
20.83175,22.05175,48.36425
-0.28925,6.150875,42.6041875
9.496,17.68,46.507
30.237,26.950499999999998,31.935
9.057125000000001,12.949,41.507625000000004
38.7235,14.6415,38.439499999999995
26.121000000000002,27.840125,38.056375
9.615749999999998,20.29675,25.93275
20.429,27.328,40.21
15.95,22.99775,47.52875
32.857625,27.6415,41.69525
31.13425,8.224,35.24725
4.18925,9.883750000000001,40.805125000000004
33.311499999999995,24.374000000000002,45.412499999999994
36.554375,16.96075,40.806375
16.97725,26.576999999999998,49.680125
36.78425,25.155875,38.157375
21.9045,23.422625,32.4025
29.134500000000003,29.894,34.3855
3.2885,4.361000000000001,39.88925
17.485999999999997,9.154499999999999,35.370999999999995
14.69875,30.256500000000003,46.745625
15.383875,-0.701875,30.8495
22.341250000000002,16.12425,32.51325
31.45225,27.59075,43.410624999999996
30.44275,8.628125,26.196125
29.7338125,10.364125,38.90875
41.79675,13.193999999999999,44.227000000000004
0.986,22.684,43.228
37.834375,13.3005,43.8265
10.011625,28.934125,50.243750000000006
21.43075,5.1499999999999995,33.890375
28.2285,10.307500000000001,23.598625
4.95975,1.4762499999999998,44.443375
26.182000000000002,16.137625,33.4155
10.67275,25.67125,50.39975
10.04575,23.901249999999997,49.28
36.079,7.672750000000001,36.984750000000005
24.976875,20.24675,33.921
26.76075,15.91525,48.344750000000005
16.7035,24.9965,34.38275
9.400625,31.175624999999997,48.374750000000006
-1.39425,17.37325,45.50075
12.084499999999998,17.924500000000002,30.09075
23.584375,28.688375,42.352125
32.34375,23.66775,31.00375
24.992375000000003,8.880625,22.213625
44.32575,17.308374999999998,46.123000000000005
17.712249999999997,30.296125,45.9285
27.521124999999998,7.251125,29.91225
29.40975,17.881375000000002,30.59175
22.110375,10.981375,21.082875
7.009125,2.01025,46.40675
25.331,15.019874999999999,43.05475
15.94575,0.022749999999999992,28.57025
0.992875,10.078875,35.261625
8.773625,17.5475,45.086375000000004
29.926625,15.656375,46.903625
35.322,7.9835,38.243125
23.25175,27.921,41.449375
31.92575,23.967,29.857875
2.27075,9.681750000000001,35.089999999999996
10.967375,6.327875000000001,33.097125000000005
0.698625,12.90475,36.373000000000005
1.581125,14.088999999999999,35.426875
18.8655,28.474875,43.387874999999994
15.2835,8.7575,37.681250000000006
13.2615,17.338,34.157875
34.1515,15.2315,39.899375
44.220625,14.073250000000002,45.930499999999995
29.51125,6.429749999999999,38.7705
2.0575,1.4797500000000001,46.428749999999994
2.4486250000000003,15.336937500000001,40.5586875
17.439,15.956,29.9935
23.468,0.20474999999999996,33.829499999999996
16.831,19.3415,32.7275
9.97775,16.996000000000002,29.682000000000002
4.60675,22.719749999999998,46.96000000000001
17.791999999999998,30.463250000000002,44.49225
24.91375,15.529,31.463250000000002
27.262749999999997,24.710625,49.293
33.306250000000006,26.847250000000003,43.836875
9.185125,15.419500000000001,43.083749999999995
38.652625,14.443000000000001,35.013000000000005
26.644999999999996,2.12025,34.81625
-0.034,21.741,41.281000000000006
11.284125,26.867250000000002,41.364374999999995
38.41325,10.26625,44.4485
-2.5696874999999997,19.66025,44.8036875
10.2635,12.1995,25.725
0.275125,6.4544999999999995,41.471000000000004
28.75625,7.47975,31.972125
5.1025,15.86,44.6305
0.272875,18.199625,30.9555
45.961,16.0545,45.962500000000006
10.837125,31.096874999999997,46.527874999999995
9.09975,16.48525,27.24475
4.886125,27.192375,42.73275
32.613125,24.99675,50.15525
0.779,17.91,37.050749999999994
2.01875,14.924,41.41525
10.9195,8.701,41.1435
26.078,21.990625,31.585375
32.722125,18.975125,33.394375
4.717874999999999,19.007374999999996,43.414500000000004
-1.5190000000000001,18.920499999999997,46.13775
2.958375,4.7405,33.41975
23.875,9.06775,21.64475
9.579,29.082500000000003,41.8865
22.9735,23.482750000000003,46.2685
15.369125,17.958,49.529125
7.367812499999999,25.375687499999998,41.0315
28.1705,2.597125,26.294375000000002
0.842,18.0655,38.098
4.2546875,9.38725,27.808687499999998
8.568125,12.097249999999999,44.699875
18.1565,19.683999999999997,32.94175
9.9635,4.31675,28.459000000000003
35.758625,14.936625,29.836374999999997
26.508125,17.34325,29.076875
37.42337500000001,16.46,43.831625
29.904875,24.474875,29.395374999999998
13.753499999999999,18.62325,36.989999999999995
6.902,21.103375,50.362875
41.042249999999996,19.3765,42.181
3.7045,3.843,33.89725
18.033375,26.808,35.039249999999996
19.2665,27.158250000000002,48.63325
18.061125,20.544375,34.713499999999996
8.936,11.9515,42.445625
35.367875,7.480625,35.131875
7.674,9.754,28.36
30.9835,24.023125,52.82425
20.443125000000002,21.308875,33.207750000000004
14.739,8.1325,38.5985
34.344125000000005,22.361375,42.506750000000004
8.308,21.55725,27.035125
29.882,21.884,52.598
17.600125,18.280250000000002,49.296625
34.795625,25.0645,49.3505
31.863124999999997,15.846250000000001,47.760625
18.57,12.32825,44.08
31.97,25.512124999999997,32.1125
0.771625,15.104625,30.09825
24.132375,27.958750000000002,40.0725
11.255500000000001,25.91575,38.76
8.311499999999999,20.118000000000002,39.1575
11.97175,6.383,41.19975
22.563249999999996,17.774625,36.522375
24.90625,21.966875,50.349000000000004
23.006999999999998,11.606750000000002,21.747999999999998
29.97975,16.870250000000002,29.436374999999998
41.1195,13.143374999999999,42.863125
4.6025,25.268375,39.453125
15.943875,25.300125,48.829125
33.7855,9.992625,25.6815
32.8585,17.024,45.5905
-0.1455,7.629875,42.4845
13.1805,11.7255,25.921999999999997
4.8705,8.312249999999999,27.236125
17.086750000000002,8.94575,28.697000000000003
32.772375,30.5795,36.108125
29.19675,28.54625,41.1525
28.5455,14.786000000000001,48.96425000000001
28.913125,16.42825,45.7975
23.606375,14.3845,46.212374999999994
-0.5642499999999999,11.55275,30.654249999999998
17.849937500000003,17.5670625,48.1635625
11.93825,11.727875,25.040875
28.90325,16.14825,35.248999999999995
4.05675,25.8985,46.559
6.159625,15.29825,43.828500000000005
11.388375,4.908125,41.03275
39.576,19.795749999999998,36.74525
23.665999999999997,29.396250000000002,47.493624999999994
21.339875,10.575625,29.098375
22.399875,22.249125,35.132999999999996
29.398124999999997,20.290125,37.43025
19.589125,22.741625,36.25275
1.12425,16.374499999999998,37.97825
9.5368125,5.255125,36.278499999999994
31.584875,24.236125,51.858999999999995
34.453,11.22775,26.311500000000002
12.751,27.140875,48.172
32.807125,25.96125,34.7525
41.29475,20.065624999999997,48.643875
26.969875000000002,29.00475,46.458625
7.5017499999999995,21.201625,39.457875
12.03675,25.938,37.621
21.4455,13.535,47.851
23.708750000000002,13.3025,25.1005
9.622125,21.262124999999997,26.1975
33.825250000000004,9.2165,31.711999999999996
29.533250000000002,6.276,24.87975
9.727875,4.245,40.265625
18.93825,27.421499999999998,50.177625
24.34275,13.853750000000002,43.072500000000005
40.614000000000004,14.6865,48.462500000000006
6.99475,19.077624999999998,49.002874999999996
12.945250000000001,15.767625,29.0845
9.90025,13.48875,42.194624999999995
20.591250000000002,7.3815,35.50925
14.152999999999999,18.648375,49.729625
31.17725,27.06225,32.35175
35.19625,6.782375,36.010999999999996
12.696625000000001,19.666875000000005,38.73925
27.0475,17.341375,48.003875
35.14025,8.718625,39.102999999999994
19.445249999999998,7.632,35.876125
11.257375,32.723625,41.451125000000005
3.7904999999999998,23.79775,41.614000000000004
17.558875,24.164,49.782250000000005
10.43525,32.03725,42.19325
24.11875,13.255500000000001,23.63825
38.026375,24.277875,50.736374999999995
22.037750000000003,17.634874999999997,27.87825
46.72775,15.168375000000001,45.565
39.808875,18.016,37.2395
26.613500000000002,3.9619999999999997,32.210499999999996
23.75325,10.080375,28.125
14.568999999999999,4.6747499999999995,28.12125
34.783,14.4845,32.603249999999996
20.3825,5.749499999999999,33.685
41.225750000000005,21.6195,49.514125
8.896999999999998,6.544125,27.55925
17.489,0.823,31.21825
34.781,14.4570625,31.218875
5.625625,3.75,48.01825
11.13025,20.3425,34.41175
5.68975,9.8255,27.4705
23.131375,32.094500000000004,45.882374999999996
5.1185,25.298375,45.33075
15.94575,20.470625,36.96275
0.46775000000000005,22.697375,42.002875
11.091875,5.235625,27.845125
30.46275,24.5295,48.823750000000004
10.6825,5.68175,41.820875
16.633499999999998,22.69675,36.54925
0.73375,5.02925,41.060375
0.9123749999999999,2.35325,47.134
28.985125,5.0555,34.42825
23.407125,12.014000000000001,40.87125
26.6655,10.593625,40.049499999999995
21.483249999999998,14.59325,47.814625
6.28275,28.747375,48.631
22.703375,15.881374999999998,46.126437499999994
32.16125,9.201875000000001,27.098750000000003
27.605,1.54125,32.919875
3.640375,1.540625,47.169875
19.060000000000002,4.077249999999999,31.409750000000003
39.0655,24.878,50.62975
30.39875,32.755500000000005,38.182874999999996
31.121812499999997,17.3890625,29.3031875
10.7695,11.723625,24.941375
17.061500000000002,17.0595,31.371000000000002
28.988750000000003,22.057000000000002,36.368249999999996
26.090625000000003,12.08025,21.481625
35.853875,23.380625000000002,36.553374999999996
8.966125000000002,20.66975,34.59287500000001
28.487250000000003,7.094,39.3955
17.654375,28.880125,37.590375
25.25175,28.02625,42.402
9.401,13.670874999999999,43.375875
3.0833749999999998,6.708375,35.10525
29.371000000000002,33.122,37.971875
18.260875,22.876625,49.805625
31.86275,26.807499999999997,33.434875000000005
42.24325,20.459,43.68175
27.84825,30.793,37.32025
20.254,16.675875,31.768375
12.71075,19.255499999999998,51.210625
25.706875,26.575875000000003,49.3785
21.910875,29.448,47.63249999999999
16.4225,21.676,37.034
29.882624999999997,11.732,38.199875
33.64475,18.306375,32.18675
31.16425,18.247,32.957875
6.578625,30.352125,46.251375
24.942,24.021625,31.2630625
7.91375,19.725749999999998,35.12575
1.3431250000000001,17.540125,41.5115
25.002875000000003,31.097250000000003,46.782375
12.12125,6.049125,40.248374999999996
42.4935,17.8565,46.876000000000005
2.792875,21.72675,38.09975
6.8633750000000004,26.060499999999998,50.018125
37.77225,24.373874999999998,41.512875
18.4755,4.7875,32.5245
2.642375,6.495125,46.72325
-0.3065,19.618499999999997,39.027
7.94125,21.47675,52.734125
22.847749999999998,30.657625,42.976
7.603999999999999,5.515499999999999,43.582875
23.41275,16.1010625,35.290124999999996
8.171125,18.057000000000002,49.02912500000001
37.747375,23.862000000000002,45.5715
22.396375,5.111000000000001,35.19825
31.037,29.52025,38.173249999999996
10.991875,19.9555,53.108374999999995
20.366625,12.31175,42.006875
27.776249999999997,14.537875,23.520875
17.77375,13.9785,29.43675
39.178124999999994,19.678625,34.795125
17.4345,26.00775,34.086124999999996
12.579374999999999,10.11225,25.352874999999997
26.515375000000002,13.378,21.7105
38.637249999999995,14.429375,48.11387500000001
36.969375,16.077125000000002,34.828125
42.992,20.028125,44.38275
30.199375,13.0725,40.84375
14.050375,4.485125,32.585625
10.814125,7.8815,27.44625
15.0915,19.5715,32.908
29.6485,7.9845,30.094
17.43575,9.9495,28.3485
36.610749999999996,24.1425,41.331
17.18875,5.5017499999999995,28.176499999999997
23.552,13.0475,43.676625
15.372,4.7795000000000005,32.39
38.60187499999999,11.486249999999998,43.519625000000005
5.40225,5.308999999999999,29.203625
14.5845,22.0795,37.0375
24.721249999999998,0.049999999999999975,34.7125
22.6665,15.751000000000001,25.7535
5.117375,1.24975,45.431124999999994
0.11300000000000002,10.8123125,32.172875
28.3275,3.570875,29.025750000000002
27.141312499999998,3.0282187499999997,31.9183125
37.1366875,19.160375000000002,48.544312500000004
8.632249999999999,30.6195,45.442562499999994
6.9055,7.297,43.4055
5.348375,5.696875,39.57475
29.1935,7.175,26.53375
21.629875,25.90475,47.234625
17.8489375,6.653437500000001,28.877312500000002
7.538125,17.1668125,44.093
22.840375,3.8665000000000003,31.671875
27.18025,3.404,27.12425
30.221625000000003,27.554875000000003,33.130624999999995
24.3995,7.3225,25.68025
33.572937499999995,20.63075,49.0416875
18.62075,7.4575625,28.716187499999997
12.2659375,25.3326875,39.8304375
25.87875,4.91725,31.57575
7.5654375,8.222999999999999,42.4843125
6.993874999999999,3.98965625,46.16618749999999
19.303250000000002,17.93275,45.96475
19.625999999999998,9.554625,39.783874999999995
-0.6425,20.16525,42.337
38.04325,18.553,41.069
23.3595,4.848125,35.541000000000004
26.31575,19.66275,37.025749999999995
34.1711875,19.810125,47.6056875
32.1205,11.3695,37.726
30.0215,16.59825,35.63075
42.292125,17.2205,42.679125
6.363125,6.1128125,39.517875000000004
38.3393125,19.4981875,48.82925
31.784,14.108,41.1505
36.955749999999995,22.483687500000002,36.593500000000006
31.7010625,10.881625,24.0114375
31.908250000000002,15.674875,43.053375
22.6915625,23.1013125,33.9315625
29.2096875,6.48415625,27.336343749999997
27.232937500000002,6.509,24.2745
14.032124999999999,29.85975,45.869749999999996
24.0075,1.9631249999999998,32.472125
12.343125,21.118625,39.525375
-0.605875,11.838375,32.009
6.59,5.69175,27.74625
8.965874999999999,19.522437500000002,35.687125
8.505625,5.21025,39.6495
27.774499999999996,25.940062500000003,31.44275
22.044,28.034,47.859
39.876875000000005,20.8770625,44.518437500000005
34.8094375,21.83,35.2413125
7.677125,19.106,44.988749999999996
11.92325,6.647875,33.5069375
28.442,8.001,25.0545
39.528375,20.560031249999998,43.3636875
9.9085625,12.9955,40.3419375
3.654375,9.941125,43.021125
15.671624999999999,0.27225,31.489625
24.929750000000002,11.7566875,22.13046875
6.3994375,5.315125,45.3185625
33.419062499999995,13.180375,30.2991875
28.7795,7.414,29.426499999999997
10.73225,22.508499999999998,41.8505
27.895375,22.8840625,32.2190625
9.099812499999999,4.817375,33.6081875
9.609749999999998,31.2985625,46.324124999999995
21.67275,4.58325,30.775
24.357,5.0535,30.244500000000002
12.4366875,26.058750000000003,42.1916875
32.554625,28.252625000000002,35.4075625
20.314999999999998,27.4745,50.050375
8.512125000000001,14.573625,42.796875
13.240937500000001,21.1201875,38.874875
5.7968125,7.24575,27.4835
13.2531875,19.250625,32.663875
8.36175,28.179000000000002,50.045125
18.424187500000002,9.112437499999999,41.690062499999996
23.5356875,7.126312500000001,23.747437499999997
35.279687499999994,12.019937500000001,34.9365625
23.716,26.9876875,47.0140625
14.291937500000001,26.645500000000002,36.9546875
21.502499999999998,6.886750000000001,27.917499999999997
12.302062500000002,19.027,30.232125
15.297,14.10125,45.030249999999995
33.834500000000006,27.335749999999997,36.60959375
30.667,9.083,29.294375
17.784125000000003,1.932125,31.0685
12.9610625,8.05,35.081624999999995
43.79775000000001,14.468374999999998,43.947875
28.597875000000002,6.006125,33.18625
20.361625,30.437125,45.04025
0.6168750000000001,18.81228125,45.341499999999996
25.159125,15.552624999999999,25.131999999999998
35.8075625,21.47525,44.1609375
1.1605937499999999,20.46540625,36.947374999999994
19.339375,12.845187500000002,31.2421875
35.95125,12.197375000000001,36.06975
28.910249999999998,6.6377500000000005,28.66425
5.92675,22.469,47.39
21.6945,4.5135000000000005,32.683499999999995
5.13575,8.77825,45.146125
35.186125,17.194375,32.464749999999995
9.18925,27.426499999999997,50.51275
36.7495,12.273,37.621
21.396749999999997,6.11525,28.60425
32.786125,14.5233125,39.0213125
35.9825,11.126999999999999,37.6635
17.040999999999997,22.8074375,47.954687500000006
12.8664375,10.786125,38.0243125
24.214125,19.353375,48.992875
24.260312499999998,12.94925,26.4365
13.787749999999999,20.090125,49.34625
14.325375000000001,13.178625,44.4808125
10.61625,12.586625000000002,39.324375
34.522375,15.301,28.895875
35.50525,20.2915,47.8195625
25.8125,10.373375,22.178125
3.199625,13.7246875,37.6195625
-0.309875,13.348749999999999,32.856375
12.836125000000001,3.7098750000000003,29.486375000000002
26.93525,13.490124999999999,40.89825
3.27765625,7.902093749999999,40.099937499999996
24.643,10.7545,27.472
21.551125,9.50325,24.182250000000003
18.286125,7.946875,40.635125
22.269000000000002,15.6735,28.96675
25.8525,21.42325,35.58225
11.821875,6.92575,27.268875
27.643812500000003,27.9935625,42.296749999999996
1.2,18.60025,34.122375000000005
28.7904375,14.0025625,41.25025
6.05475,28.105,47.187375
25.158187500000004,7.8828125,23.209375
13.829,12.606,41.466
28.6098125,23.7578125,30.601125
16.7915,30.491875,45.080875
5.30325,13.15775,28.265375
37.708375000000004,14.610375000000001,47.041375
2.3725,14.548000000000002,36.660624999999996
33.3595,11.865874999999999,29.935499999999998
22.0493125,27.905,38.7626875
22.32425,16.736,28.6015
23.368875,3.7875625,35.0569375
1.098875,11.801625,36.6703125
5.5214375,9.719375,37.177437499999996
4.473968749999999,2.9969687499999997,47.8625625
33.282375,10.776375,30.167250000000003
11.798749999999998,28.640125,48.53625
21.584500000000002,24.493000000000002,36.469750000000005
3.43975,12.413625,37.789875
20.5756875,10.4416875,40.98325
8.150375,18.585875,25.663875
2.0635,15.13575,43.409
32.1765,9.2183125,38.0591875
5.76325,19.17575,43.515750000000004
41.1023125,18.320625,47.7880625
32.00025,18.07475,30.317500000000003
10.3886875,20.661375,31.1450625
38.278749999999995,21.59525,37.612500000000004
10.442125,19.26225,36.55175
14.745000000000001,29.223875,41.020125
31.515375,25.2791875,31.01375
12.1046875,18.419562499999998,37.394375
37.457750000000004,17.370250000000002,39.282250000000005
15.638312500000001,30.720375,45.972875
38.16825,16.6263125,49.461312500000005
0.976625,11.214500000000001,30.511125
8.535,21.395000000000003,28.485500000000002
11.182,16.532,46.1
25.4685625,2.5033125,35.377
1.654125,16.497125,36.305875
23.6779375,13.7160625,30.03125
38.3350625,14.945,43.51475
20.9784375,8.0228125,26.855375000000002
29.103,11.782187500000001,23.3900625
-0.167625,21.4708125,39.534187499999994
30.637437499999997,8.194875,32.558125000000004
29.562875000000002,7.8713125,32.748999999999995
38.299,17.426,41.137
12.960374999999999,9.776375,36.90775
26.646375,14.82625,24.651625000000003
21.626,26.582,49.149
6.2820625,27.5328125,42.478375
12.450249999999999,23.454125,42.399125
6.207125,8.538375,44.2815
5.224,9.473500000000001,39.966750000000005
36.528125,15.840250000000001,39.649625
31.92225,19.20225,49.4865
17.21375,4.00975,31.850875000000002
30.00125,23.719,49.71825
37.7063125,24.6463125,49.5738125
22.4435625,22.910125,48.388374999999996
25.833375,29.798875,46.402499999999996
34.581500000000005,14.420000000000002,37.74825
6.4360625,20.3248125,39.312125
23.7691875,16.0449375,29.4033125
38.3016875,18.230874999999997,38.472187500000004
29.085250000000002,18.211000000000002,38.20825
24.273,15.4205,30.5795
27.8095,14.7206875,41.604124999999996
19.578,20.4135,46.845625
23.2794375,7.5966249999999995,37.6491875
36.567,24.2875,50.4615
14.180937499999999,28.3418125,37.689
6.657,5.345625,41.456375
9.98025,19.8328125,38.5258125
32.524750000000004,8.675625,34.446687499999996
19.991999999999997,6.7583125,28.501062500000003
5.391,7.638,36.85125
27.6011875,9.2054375,24.5031875
30.930500000000002,15.936499999999999,46.752750000000006
10.127500000000001,30.3701875,44.44225
44.918125,16.235625,42.583625
-1.283,20.572875,45.48525
28.3205,10.3385,40.388
11.122125,27.11275,49.0895
25.497875,8.91525,38.873375
13.0905,26.224,37.5475
22.908500000000004,10.597000000000001,41.00425
14.2735625,30.2286875,42.196375
20.130499999999998,9.8425,28.224
18.8885,16.865187499999998,46.50750000000001
12.250375000000002,12.332625,43.514
20.473,12.7009375,32.1911875
38.5671875,19.8891875,41.1363125
32.413375,27.5948125,43.0414375
13.947125,9.794,38.0848125
5.792625,10.6935,45.3813125
24.8308125,14.3031875,24.8539375
21.9274375,11.621500000000001,23.162062499999998
7.066,19.81325,33.06725
14.492375,5.9083749999999995,32.5825
2.494,4.604125,41.0171875
40.42840625,11.27265625,44.26815625
10.28325,28.41,41.09925
11.223375,9.1260625,38.2734375
10.6766875,14.83625,29.068
7.0116875,27.739687500000002,49.5559375
4.532625,6.017625000000001,47.191
32.924749999999996,12.754750000000001,26.01575
11.961062499999999,20.319625000000002,51.238937500000006
1.722375,20.31175,35.899375000000006
13.287875,24.633499999999998,47.890375000000006
8.698375,26.894437500000002,42.39675
39.716875,16.950125,42.6259375
14.366,12.008,40.731
27.099937500000003,28.344437499999998,45.1206875
19.67625,12.1755,43.681125
30.083875,7.3261875,35.679312499999995
30.1415,23.117375000000003,28.857
0.7529687500000001,21.16621875,38.42146875
31.8550625,13.972625,28.234187499999997
24.275875,9.92925,22.08625
16.969,28.0265,41.512
26.899562500000002,23.03275,48.6361875
30.383875,17.706562499999997,34.2193125
3.1710000000000003,12.559,39.709500000000006
6.916874999999999,13.238812499999998,43.628625
22.02875,6.293375,34.890375
15.5193125,8.9145625,35.5673125
18.749874999999996,25.7721875,35.849875
38.84,18.833,35.355
17.897125000000003,3.3488749999999996,31.50825
4.5805625,19.904062500000002,37.4298125
11.29125,16.920625,29.705875
23.62025,22.963250000000002,47.40275
16.1421875,17.4229375,30.6935
9.6164375,12.0793125,43.710625
5.61603125,17.96440625,26.59990625
39.123875,23.155625,39.4596875
8.41275,16.483249999999998,43.4433125
27.358249999999998,4.3073125,32.9994375
20.954,20.3675,47.7525
19.681937500000004,22.591375,49.4074375
26.843875,9.322625,39.691874999999996
9.135125000000002,13.366125,28.131062500000002
13.0823125,12.921,28.0963125
10.039125,21.617125,49.828250000000004
35.140249999999995,18.156,30.60425
22.9248125,3.0573124999999997,32.8179375
4.7490000000000006,23.3266875,48.669625
10.0235625,6.56475,37.1563125
33.960625,21.399250000000002,51.086125
21.681,7.9586875,25.652875
39.28484375,18.60096875,41.69496875
30.3515,17.7929375,37.5786875
6.55725,1.1795,45.13249999999999
29.947,13.41075,24.5074375
33.75775,12.969249999999999,31.811875
23.810125,18.28125,26.503625
33.50450000000001,25.172625,40.401625
14.428875000000001,-0.264,29.75525
39.67525,12.3331875,42.931
24.02225,26.899875,35.401375
-0.22925,15.8595,44.195
11.4115,15.7685,45.22
18.989,11.481,29.322
33.91475,13.75225,31.183374999999998
10.35575,19.62575,27.86975
40.854,18.234,42.452
19.457875,19.657249999999998,32.7074375
32.31775,24.258625000000002,34.658625
11.357125,26.714125,40.07
0.36950000000000005,17.836,35.792125
31.51875,12.4954375,37.885875
14.92325,1.37075,28.720125
30.9155,10.1500625,38.0045
0.949125,9.927,32.565374999999996
14.239,27.7595,48.2945
32.317875,21.139875,52.846000000000004
25.251624999999997,6.654,26.393375
-0.8043750000000001,13.568874999999998,31.43775
22.5165,19.794,46.6965
6.3275,20.37525,43.490375
28.801125,21.003875,49.77875
25.2235,25.814750000000004,48.3635
14.955937500000001,7.542,33.266937500000004
-0.758375,16.826375,42.927875
34.542437500000005,13.299624999999999,36.844500000000004
27.075499999999998,16.737000000000002,31.487000000000002
35.910375,15.373875,33.36625
15.655000000000001,19.741875,31.697750000000003
24.049875,1.179875,34.836625
32.259187499999996,29.399718749999998,37.569843750000004
29.623124999999998,4.3315,28.289625
27.4710625,4.9365,35.1551875
4.800375,2.3157500000000004,43.738
18.5445,18.0805,31.945999999999998
16.2875625,11.128499999999999,41.6375625
3.4303749999999997,13.57225,38.9541875
38.730562500000005,18.090562499999997,48.9426875
2.052375,16.79025,40.975625
0.85375,3.331875,46.663000000000004
15.348875,8.0495625,28.795187499999997
33.2985,11.983875,27.80225
22.544875,5.33725,29.618000000000002
20.895,13.09,43.092749999999995
22.764,9.55725,20.846375
8.151250000000001,15.483125000000001,27.246125
13.590875,10.279250000000001,25.91875
12.644937500000001,30.05275,45.322374999999994
-0.98640625,18.74653125,42.53384375
13.7655,31.785625,42.461875
12.279875,19.095625,33.2116875
27.785125,4.3625,34.069875
6.1941875,22.694906250000003,50.008874999999996
6.033250000000001,18.609625,35.671125
10.806000000000001,16.668374999999997,47.646
33.7204375,9.163562500000001,33.9769375
25.645375,17.8374375,37.651125
14.116875,2.44175,28.502
42.3888125,15.58275,47.0871875
1.1645625000000002,15.8274375,43.2345625
24.0246875,28.222,47.6531875
17.547875,2.7908125000000004,28.616062499999998
1.4151250000000002,18.08375,40.02275
10.447125,13.1965,44.08375
10.731,26.15525,42.797250000000005
46.817625,17.1423125,42.78775
14.7649375,23.7590625,47.904812500000006
27.847375,6.6907499999999995,37.987625
38.854124999999996,14.511,37.083749999999995
15.285875,3.5881250000000002,32.306374999999996
2.718,11.6095,37.08525
-0.024812499999999994,18.9854375,41.2615
10.127375,30.1688125,48.128750000000004
3.864,7.0024999999999995,31.435
2.5765624999999996,19.748625,31.707875
6.907500000000001,19.6105,50.4565
-2.6408125,18.40475,45.73825
35.26925,15.9375,32.1485
30.785,19.50075,50.557
13.159,12.20775,38.20625
14.10525,19.210124999999998,30.336374999999997
27.803125,15.200625,46.682625
8.225000000000001,25.427125000000004,42.459875
22.57675,25.933,35.176249999999996
42.372249999999994,13.80625,45.591750000000005
37.91325,11.713750000000001,44.875750000000004
10.1059375,17.321187499999997,45.25725
5.48,10.9166875,37.6165625
16.105125,7.976750000000001,39.2238125
14.663999999999998,26.0751875,35.797124999999994
29.303562499999998,6.3620625,36.6983125
10.180875,21.310000000000002,40.391875
3.6151875,22.213375,39.495999999999995
15.167875,21.792125,47.478375
16.784625,28.478625,36.514
15.816749999999999,8.911625,41.122375
0.03543750000000001,15.154937499999999,31.6700625
28.095625,27.59825,43.896125
1.819125,14.836437499999999,28.375500000000002
8.8855,20.3563125,31.6925625
41.473749999999995,17.047874999999998,47.5540625
33.7176875,15.680250000000001,41.198875
3.0625,13.1095,42.72
39.1535,24.554624999999998,48.771
11.8426875,13.9314375,45.12325
2.5279999999999996,15.3099375,37.344375
25.314500000000002,19.108,36.13175
-0.190625,20.508,41.456125
2.2331874999999997,9.873125000000002,30.4671875
42.9929375,18.706937500000002,45.957499999999996
13.83025,22.244,37.9375
-2.25425,17.5358125,44.385374999999996
24.145125,20.184375,33.00425
3.9879375,7.2244375,30.127187499999998
30.0235,17.3825625,49.956625
27.95625,17.37725,44.04025
31.792,31.471249999999998,38.18325
8.2745,19.399250000000002,38.19325
31.8585,22.0165,31.503999999999998
31.25425,31.254250000000003,35.119625
43.29575,15.867500000000001,42.22025
2.0054375,22.6098125,42.395375
22.9685,12.187000000000001,30.3795
21.4679375,14.165125,31.8843125
17.483875,8.77125,37.383250000000004
36.1294375,16.9156875,42.471875
22.0525625,7.555312499999999,36.2971875
31.423468749999998,22.09734375,32.9746875
8.83425,17.05325,25.842
33.590500000000006,25.8028125,43.5251875
6.0625,27.317999999999998,48.4438125
24.658625,3.966875,30.751375
40.344125000000005,22.2885,47.525125
32.0595,8.019124999999999,29.563625000000002
25.5503125,26.6093125,32.1490625
29.482,23.140375,32.955875
25.06,25.4795,47.397499999999994
12.218499999999999,14.6585,28.883874999999996
27.226,16.4965,35.2945
25.073500000000003,27.662750000000003,48.846625
4.0426874999999995,25.7178125,48.220749999999995
6.067937499999999,5.5633125,40.38125
32.6725,8.786249999999999,25.25425
30.046875,14.747375000000002,27.509625
16.410625000000003,15.207437500000001,45.847750000000005
22.588562500000002,20.475812499999996,47.9796875
8.667562499999999,10.695125,42.630125
28.946375000000003,14.267999999999999,24.484750000000002
24.0339375,31.611687499999995,42.3695
2.046625,18.661125,28.17375
30.248375,9.946,24.665125
25.840625,4.03325,35.413250000000005
26.4753125,18.689875,48.38175
7.7091562499999995,19.12059375,47.8318125
38.432249999999996,22.254,40.409
3.462625,3.0191875,43.728874999999995
6.922499999999999,21.9854375,44.8515
22.517187500000002,19.038375,35.578625
5.77075,26.158749999999998,45.526125
32.7759375,12.7599375,37.0301875
8.964375,3.209875,32.47806249999999
27.957250000000002,25.969125,48.747625
7.2053125,22.797062500000003,50.288
17.059,16.1625,47.5505
19.177500000000002,29.810499999999998,44.49875
7.8595,18.4810625,36.372
47.2375625,16.61925,45.1771875
18.714187499999998,16.8395,31.369125
34.51025,14.76375,39.054249999999996
31.9756875,25.4899375,33.6435625
38.787499999999994,13.7335,46.955749999999995
17.742625000000004,11.971,28.53875
10.175375,21.6511875,27.142875000000004
0.9975625,14.967875,34.4345
28.45625,32.0126875,37.785375
29.0820625,9.031625,25.296625
28.224375000000002,5.7486250000000005,36.2645
3.16475,15.58425,44.364000000000004
12.185500000000001,13.721499999999999,40.4685
32.706875,20.322625,50.1798125
9.636937499999998,5.4688125,38.840999999999994
34.32275,24.93625,48.2198125
3.186625,9.2395,41.975
23.76925,25.5715,31.958750000000002
19.21175,28.29725,47.00825
6.7574375,24.175375,39.7763125
35.76425,25.027,36.138000000000005
21.0335,7.853375,20.9845
4.1965625,19.6501875,34.8631875
24.99325,18.395375,26.048000000000002
4.707750000000001,11.59975,38.836749999999995
21.5925,12.33975,45.658
1.174125,18.7533125,31.833999999999996
5.2265625,6.0479375,38.53637500000001
-0.114,5.95,44.4014375
6.4405,26.576375,40.8835
34.759375,17.7791875,28.923250000000003
29.630250000000004,17.81,32.392624999999995
7.861000000000001,9.758,44.799125000000004
36.338625,20.572375,34.228624999999994
36.3905,12.9326875,35.06518750000001
23.32525,17.219250000000002,25.061875
17.108375,28.315875,40.23375
34.539249999999996,18.4685,47.1
7.467499999999999,29.7455,45.46275
12.92525,7.584375,33.461875
4.91828125,26.380312500000002,40.62946875
12.065312500000001,19.8745625,31.6743125
24.40125,11.209375,26.370874999999998
14.83125,14.932375,46.6365
26.288375,21.884,34.443875000000006
32.440875000000005,23.1985625,52.72087500000001
13.051375,25.241125,41.302625
20.846625000000003,29.128999999999998,46.893
15.118,24.412375,37.057874999999996
37.956531250000005,22.980999999999998,51.58728125
11.203187499999999,5.198625,32.4545625
10.721875,15.87825,29.54625
22.403750000000002,27.2065,46.9618125
10.706,10.591125,38.841625
38.530125,21.530749999999998,36.5629375
33.16975,14.2625,37.55825
25.3455,15.501000000000001,36.046
25.1,12.01275,27.83175
33.4585,11.2385,37.316
32.919624999999996,22.872999999999998,35.1565
26.0735,27.275,34.2065
28.1720625,7.545999999999999,30.795
8.6235,9.846499999999999,43.5991875
31.814999999999998,17.261000000000003,48.69225
24.4015,16.154125,32.863749999999996
11.469125,24.759749999999997,48.21875
35.26950000000001,9.430875,34.854749999999996
40.661625,13.7375,47.533375
16.8475,8.276375,34.16275
29.517,9.451374999999999,28.96475
23.89025,14.376125,44.268
31.9715,26.381,47.885374999999996
22.912,13.780375,47.439375
13.2586875,30.0349375,39.816875
11.8569375,13.852625,39.221562500000005
22.024,31.296875,43.901125
29.612499999999997,22.036875000000002,49.064875
12.008125,22.8861875,41.218875
3.6649374999999997,15.324625,28.465
2.2909375,16.7660625,28.290375
6.8001249999999995,19.280562500000002,25.9834375
31.8620625,28.2766875,38.2228125
3.551375,7.131625,45.829125000000005
20.616062499999998,26.8200625,37.5756875
25.203343750000002,12.95490625,22.445625
0.62175,16.57934375,30.49934375
8.6590625,11.358875000000001,41.234812500000004
22.688499999999998,24.020375,31.417375
29.36725,22.983625,35.0345
20.05025,15.446375,46.893
28.4295,8.46575,27.5135
39.981500000000004,19.12975,48.931625
-1.2408125,21.700125,44.7295625
14.376687500000001,16.516312499999998,29.346000000000004
19.555750000000003,11.423124999999999,30.6145
8.48753125,28.61259375,44.3119375
24.071875,24.32075,45.848124999999996
28.135,28.261,32.84625
5.2978125,5.08775,36.8845625
22.356749999999998,12.2665,41.851749999999996
20.829250000000002,10.495000000000001,22.521874999999998
4.760375,14.207625,43.68899999999999
19.9075625,13.7559375,46.072562500000004
29.366500000000002,15.8,42.803
32.973124999999996,31.26625,37.492000000000004
35.7620625,18.9078125,47.23075
30.43425,28.313125,39.408874999999995
32.67578125,12.359281249999999,24.582406250000002
11.5476875,21.388624999999998,49.28525
13.54925,21.1280625,48.3151875
28.37328125,5.0300625,28.875812500000002
15.7050625,27.2911875,34.9056875
14.63675,19.972,36.6795
26.0015,18.4675,45.86750000000001
15.3076875,19.4339375,49.4099375
31.697375,13.573374999999999,24.680125000000004
16.1683125,11.8398125,42.7926875
20.4783125,8.98975,37.9564375
6.438000000000001,17.453875,25.858937499999996
7.56975,8.724125,43.76175
1.6763750000000002,4.2585,47.635625
11.722875,19.128625,52.1286875
9.314125,30.6695,41.644125
21.991125,20.54975,33.630375
45.09287500000001,17.922874999999998,43.029
24.5660625,18.150312500000002,44.9915
2.439375,20.499250000000004,30.3030625
6.944812499999999,19.8958125,29.9405625
19.016750000000002,27.394875,38.259875
33.3549375,10.7639375,31.897062500000004
6.740875,14.195,27.252000000000002
30.230874999999997,16.6,45.105875
18.93625,8.565,37.363499999999995
14.540625,18.3675,34.70525
23.036875000000002,7.7491875,38.9355625
24.589,0.301125,32.35625
29.1635,2.8790625,28.113062499999998
12.477125000000001,32.886250000000004,41.9245
30.0171875,14.4104375,42.1173125
4.388125,4.042375,41.0949375
22.6065625,7.789,21.6540625
32.72875,26.671812499999998,39.5326875
4.8240625,22.3655625,39.1344375
31.07,24.495625,50.4488125
23.48075,17.222250000000003,44.9545
18.029249999999998,25.0995625,35.0945
29.7225,21.409,50.4135
36.365812500000004,24.8955625,39.993375
25.44475,7.480124999999999,37.5283125
27.863374999999998,2.537375,32.428250000000006
-1.5344375000000001,16.952875,43.66175
3.713,11.269874999999999,43.7065
26.138875,-0.1853125,32.3288125
36.209625,9.45625,37.140125
7.407875000000001,6.575625,42.35825
17.7950625,14.5561875,45.4325
13.647562500000001,8.768625,27.2413125
16.263875,7.27275,33.402375
23.0893125,20.822,33.239625000000004
30.8435,20.615375,35.444875
29.3626875,30.0454375,38.5380625
24.9865,5.818875,36.343375
23.99925,6.5322499999999994,28.45225
11.56375,25.966,48.882000000000005
5.7195,7.9419375,38.291124999999994
26.7043125,28.10375,35.57118749999999
21.979875,23.286,36.081625
30.808875,13.97875,26.0075
3.7828749999999998,8.065624999999999,35.302375
3.02275,21.77775,44.22425
8.5575625,22.6855625,50.4596875
7.858,4.765,42.44
33.619,22.714624999999998,43.828500000000005
22.926625,30.514625000000002,47.045249999999996
3.877375,20.28875,29.93825
30.259999999999998,29.223750000000003,33.932125
36.825374999999994,15.7030625,48.238249999999994
6.993375,20.615125000000003,48.307249999999996
34.992,19.4725,33.569500000000005
29.588375,12.175312499999999,39.4555625
1.3591250000000001,23.14375,39.768
0.84425,8.741375000000001,42.438875
2.43675,8.223375,30.200375
18.628999999999998,5.20575,29.42
21.35875,7.571000000000001,22.505625000000002
3.1740000000000004,14.5915625,44.086937500000005
8.191375,4.5803125,35.569312499999995
11.701625,8.571124999999999,39.82525
21.6589375,15.6074375,46.6300625
21.458125,19.140125,34.226625
33.4468125,23.2559375,51.462312499999996
20.685249999999996,26.2875,36.592
10.715250000000001,10.20175,25.669937500000003
44.72206249999999,17.7181875,44.7631875
14.157250000000001,8.95425,39.23925
26.141093750000003,25.265218750000003,31.608249999999998
36.364374999999995,18.79928125,34.855625
13.5621875,18.036,35.863375
25.07375,27.28875,36.3655
33.9148125,24.7345,47.21275
26.556375,7.917,24.21
9.0066875,24.0445625,42.8195625
37.4870625,17.795,48.707875
32.626093749999995,18.248312499999997,48.36740625
11.5291875,18.76946875,34.501562500000006
3.731875,10.950875,42.003
8.1320625,7.298500000000001,41.734624999999994
32.061,18.1665,31.77025
41.098625000000006,21.06875,47.725624999999994
28.846812500000002,16.800874999999998,37.589749999999995
29.931874999999998,27.26875,42.8919375
5.60275,23.877625000000002,39.495375
35.4285,24.384999999999998,40.598
19.332812500000003,6.192625,29.229625
0.6345000000000001,5.068250000000001,43.20225000000001
25.031,6.301875,31.526125
26.1545,7.511125,29.63375
0.07643750000000002,13.7705,29.919125
20.351374999999997,24.147937499999998,50.310625
31.91334375,19.85203125,34.14678125
13.766124999999999,17.590562499999997,29.746312500000002
20.3799375,12.87425,44.4371875
38.7114375,20.692218750000002,41.951750000000004
24.339624999999998,17.119875,28.458624999999998
27.554875,18.37653125,49.16003125
21.24040625,17.0358125,45.874593749999995
20.10425,27.41325,47.63431249999999
16.3875,28.005499999999998,48.417
13.2008125,17.449437500000002,49.57690625
10.708312500000002,31.5935625,40.89325
16.720999999999997,9.22375,36.2281875
32.4098125,8.810031250000002,33.04653125
19.1955,3.61,29.865000000000002
19.09628125,1.05509375,29.4586875
35.20665625,13.548312500000002,33.71325
27.2454375,15.771437500000001,42.6443125
24.709875,15.915312499999999,44.393375000000006
24.7926875,7.4508125,24.628875
18.262124999999997,18.395375,47.352500000000006
4.804,3.8379375,42.658
31.4185,7.965,37.521
21.8075,11.291375,31.520875
13.107062500000001,6.353562500000001,27.86975
28.449718750000002,16.27940625,49.6559375
11.8705,18.0535,35.656
1.38115625,7.35471875,41.07771875
21.5501875,9.47025,39.83896875000001
20.542812499999997,22.0605625,35.60481250000001
25.738125,19.886250000000004,49.4795625
1.30240625,5.634125,45.7111875
21.929187499999998,24.60371875,46.9604375
28.157531249999998,17.1440625,32.387125000000005
28.975625,4.772,25.38325
36.324,16.214937499999998,29.7176875
41.3959375,12.589937500000001,45.309
9.395,17.7395,27.869
34.431000000000004,16.325249999999997,43.720749999999995
11.19928125,4.7546875,29.11103125
9.697812500000001,12.3295625,27.61
8.0421875,20.964125000000003,45.817625
21.3644375,29.714937499999998,43.456375
22.890124999999998,27.60975,36.97384375
28.90775,24.76225,48.408375
35.47303125,18.088749999999997,34.091781250000004
3.302,12.98425,28.920125
33.9139375,23.3209375,45.4443125
9.5633125,14.9346875,28.254593749999998
31.7468125,16.6424375,45.89425
13.3716875,22.599375000000002,39.531437499999996
26.7620625,28.0909375,40.969562499999995
8.8505,18.114375,50.290234375000004
11.337,28.433,39.77493750000001
21.1145,27.44425,48.74125
16.6469375,13.8703125,44.52309375
14.1124375,10.299375000000001,39.3424375
36.52925,21.83625,35.1835
5.2070625,27.204687500000002,47.57525
19.42934375,24.2880625,36.61721875
8.4751875,4.321125,28.929375
24.402625,32.54725,45.861125
3.546875,8.15396875,28.182312500000002
32.2135,21.6035,34.458
26.2309375,23.464687499999997,30.7611875
4.2238125,8.09725,32.8154375
28.001687500000003,16.6799375,28.3283125
5.6899999999999995,12.4955,43.9280625
29.095062499999997,30.429499999999997,35.370374999999996
7.1105624999999995,19.338625,43.9016875
11.0191875,19.9593125,29.8175
1.4579062500000002,21.02521875,44.70834375
37.51615625,20.239874999999998,49.761874999999996
10.7516875,6.743875,35.34925
33.500499999999995,24.37375,43.119375000000005
25.354343749999998,30.93234375,43.60740625
35.563375,10.453875,36.3744375
26.072,4.735,28.629
22.1899375,9.585,27.10484375
28.273,29.1330625,38.590312499999996
23.97221875,14.143437500000001,28.339
20.2631875,11.1946875,31.518749999999997
23.5455,11.92175,25.384749999999997
12.367687499999999,12.506062499999999,26.8034375
4.1866875,18.3120625,28.1078125
22.907062500000002,24.449687500000003,35.11925
6.56290625,2.82875,43.395968749999994
12.717375,16.55615625,46.934875
11.0360625,13.47034375,40.490843749999996
29.287375,7.04146875,33.96275
9.8769375,6.3054375,34.09281250000001
27.259999999999998,16.64,45.8675
25.98225,16.87975,44.60225
8.64109375,9.36684375,41.94228125
23.10303125,15.11303125,31.37075
32.43,8.218,37.366
37.348,22.214,42.9065
19.8015,10.6555,29.222
29.763437500000002,16.3533125,36.699312500000005
20.576500000000003,4.678375,31.434874999999998
19.606,14.34375,31.0885
6.6053125,20.013937499999997,27.9743125
23.4133125,14.143125000000001,26.8753125
21.617125,31.852125,44.9995
4.955375,25.768375,43.41003125
4.496,23.203,45.655249999999995
36.15575,17.158500000000004,47.012375
36.01275,17.000999999999998,44.70525
4.0650625,4.754125,34.9165
3.8075,6.22,37.1135
25.1613125,15.7938125,34.645625
17.100625,5.6921875,32.3888125
9.60634375,7.447625,41.793375
3.210375,15.182624999999998,38.7774375
27.327875,28.781468750000002,37.535593750000004
4.756625,8.720375,36.0545625
25.69759375,23.735781250000002,49.17821875
3.314,6.146,38.14
15.017875,10.4714375,27.96975
24.6285,5.974500000000001,29.329500000000003
36.221906249999996,24.59284375,47.588499999999996
4.3635,22.24725,43.698
11.1611875,31.0914375,43.531968750000004
10.835,17.36675,49.7225
27.01975,5.1825,28.82875
8.6115,4.786,41.7555
22.25334375,9.574359375,25.843296875
9.614,23.324,42.37
23.1785,14.9575,26.2195
27.2605,7.132,31.868000000000002
16.150870814266845,10.115871411727744,41.46952992625802
23.445,32.495999999999995,42.864000000000004
43.554500000000004,16.86875,42.1545
7.6594999999999995,21.492,46.8185
34.0021746073711,20.033440657511505,34.19654470737177
15.828194982988219,29.07364124556608,47.84416820841223
15.348749999999999,11.85,41.0
34.18735440269887,8.37516439363569,38.51880353656967
33.801803970658064,11.497273451990843,32.74555598991758
26.434874999999998,7.6793125,31.1426875
24.774118685412454,13.378776408538258,40.88399380645865
